id;pres;ID;ndvi_Jan;ndvi_Feb;ndvi_Mar;ndvi_Apr;ndvi_May;ndvi_Jun;ndvi_Jul;ndvi_Aug;ndvi_Sep;ndvi_Oct;ndvi_Nov;ndvi_Dec;Pre_Jan;Pre_Feb;Pre_Mar;Pre_Apr;Pre_May;Pre_Jun;Pre_Jul;Pre_Aug;Pre_Sep;Pre_Oct;Pre_Nov;Pre_Dec;Temp_Jan;Temp_Feb;Temp_Mar;Temp_Apr;Temp_May;Temp_Jun;Temp_Jul;Temp_Aug;Temp_Sep;Temp_Oct;Temp_Nov;Temp_Dec;dem
4920102;1;1;6778,75341796875;6810,98144531250;7065,83740234375;7026,71923828125;6705,546386718750;6660,41015625000000;6592,1772460937500;6808,730468750000;7389,069824218750;7884,756347656250;7826,14550781250;7278,49902343750;640,689941406250;328,675048828125;731,771301269531;1029,177368164062;1499,980590820312;2724,161621093750;2109,288818359375;1813,773193359375;970,669799804688;1349,758422851562;673,839965820312;511,111083984375;15,39553737640381;16,53937149047852;13,86149978637695;11,001153945922852;8,005293846130371;5,3506155014038086;4,3014111518859863;5,23338222503662109;6,7767424583435059;8,650313377380371;12,016138076782227;14,36387062072754;406,4142761230469
9350941;1;2;7724,69970703125;7565,23144531250;7197,03466796875;6619,28662109375;5715,022949218750;5210,17724609375000;5237,4501953125000;5781,226074218750;6248,759765625000;7009,768554687500;7504,45556640625;7560,18505859375;574,840393066406;330,961486816406;637,727478027344;988,603027343750;1240,137451171875;1818,620117187500;1500,347656250000;1449,064697265625;870,645751953125;1007,975524902344;730,247680664062;604,142578125000;10,96989345550537;12,68050575256348;9,77838516235352;6,304554462432861;3,149809837341309;0,1843760162591934;0,0445749908685684;0,73914492130279541;1,9437958002090454;3,362227439880371;6,952406883239746;10,14413356781006;NA
16125932;1;3;7491,71044921875;7302,25146484375;6765,79150390625;5703,55957031250;4109,234863281250;2799,49389648437500;2716,7019042968750;3328,340576171875;4231,280761718750;5893,561523437500;7156,83691406250;7435,53173828125;525,526123046875;339,038146972656;641,085876464844;898,407104492188;1191,940551757812;2004,017944335938;1809,663940429688;1664,119384765625;897,615966796875;1055,325561523438;616,010986328125;506,733459472656;10,56019496917725;11,94331264495850;9,19096279144287;6,097344875335693;2,649036645889282;-0,6293243169784546;-1,1260640621185303;-0,52385050058364868;0,7436869144439697;1,991326928138733;5,572208881378174;9,08038711547852;NA
38539953;1;4;7296,45117187500;7855,12158203125;7610,99072265625;6986,10693359375;5501,361816406250;5381,57958984375000;5742,1103515625000;5944,918945312500;5962,575195312500;6678,098144531250;7318,25634765625;7521,04687500000;2761,397705078125;1623,870849609375;2574,068115234375;2993,897949218750;3063,750488281250;3128,693359375000;2907,075927734375;3322,376708984375;2677,771240234375;2597,310058593750;2354,534912109375;2638,437255859375;8,52420997619629;10,02850723266602;8,06238174438477;5,462625026702881;2,615207910537720;-0,5304524898529053;-0,1075602248311043;0,83694863319396973;1,7124826908111572;2,846434593200684;5,400028705596924;7,66342067718506;442,7566528320312
38697094;1;5;6301,92089843750;6040,03027343750;5618,53417968750;4630,22167968750;3131,829101562500;2867,41430664062500;3196,4394531250000;3534,552246093750;4006,395751953125;5108,651855468750;5869,94238281250;6007,82470703125;1091,656494140625;583,594482421875;1046,139404296875;1223,619018554688;1363,369140625000;1673,105468750000;1414,731201171875;1586,787597656250;1182,854370117188;1165,358886718750;995,605346679688;977,454528808594;6,88615846633911;9,08857631683350;6,48371791839600;3,529982566833496;0,471470147371292;-2,3736786842346191;-2,4600484371185303;-1,21414792537689209;-0,0874643996357918;1,126590967178345;3,487908840179443;6,03841543197632;898,8034667968750
63353988;1;6;NA;6545,01855468750;6130,95703125000;5406,74658203125;4789,044433593750;4168,73437500000000;4112,4541015625000;4709,734863281250;5828,971679687500;6942,515136718750;7226,12597656250;6962,92187500000;753,795532226562;382,652709960938;744,981689453125;923,510437011719;973,880798339844;1207,454467773438;991,910888671875;1003,944702148438;775,252990722656;788,170410156250;730,611145019531;620,133422851562;9,90687465667725;11,54060745239258;8,91628456115723;6,045388698577881;2,856296777725220;-0,8473368287086487;-1,0132914781570435;0,58221334218978882;2,0109496116638184;3,787972927093506;7,839313983917236;10,06713294982910;668,5908813476562
67829007;1;7;7800,80322265625;7783,50732421875;7770,93212890625;7422,20947265625;6913,252929687500;6746,72265625000000;6611,2792968750000;6705,251953125000;7214,110351562500;7733,584960937500;7909,21240234375;7871,06494140625;719,657714843750;374,566497802734;730,902160644531;1089,279907226562;1442,641723632812;2769,444580078125;2284,723632812500;1941,064575195312;977,306457519531;1406,026367187500;713,126037597656;550,669555664062;14,68688869476318;15,87771987915039;13,14364051818848;10,091632843017578;6,714710712432861;3,3008360862731934;2,3391256332397461;3,09642934799194336;4,7297711372375488;7,139357566833496;11,228687286376953;13,60181617736816;773,9035644531250
68692022;1;8;7252,98779296875;7261,53417968750;7311,49755859375;7189,00683593750;6858,405761718750;6752,42773437500000;6544,9711914062500;6666,071289062500;6986,013671875000;7295,083496093750;7404,27246093750;7259,28125000000;830,685424804688;477,303375244141;949,885498046875;1335,346801757812;1779,734497070312;3193,933349609375;2653,049804687500;2252,780517578125;1231,813232421875;1646,157348632812;885,064697265625;659,072265625000;14,71336746215820;15,90497207641602;13,24273109436035;10,312793731689453;7,290343284606934;4,1806683540344238;3,3170309066772461;3,98029994964599609;5,6047101020812988;7,488295555114746;11,185083389282227;13,58561134338379;568,6793823242188
68692023;1;9;7252,98779296875;7261,53417968750;7311,49755859375;7189,00683593750;6858,405761718750;6752,42773437500000;6544,9711914062500;6666,071289062500;6986,013671875000;7295,083496093750;7404,27246093750;7259,28125000000;830,685424804688;477,303375244141;949,885498046875;1335,346801757812;1779,734497070312;3193,933349609375;2653,049804687500;2252,780517578125;1231,813232421875;1646,157348632812;885,064697265625;659,072265625000;14,71336746215820;15,90497207641602;13,24273109436035;10,312793731689453;7,290343284606934;4,1806683540344238;3,3170309066772461;3,98029994964599609;5,6047101020812988;7,488295555114746;11,185083389282227;13,58561134338379;568,6793823242188
77775463;1;10;7651,20654296875;7678,43164062500;7684,21875000000;7570,95214843750;7197,859375000000;7142,57080078125000;7065,3818359375000;7148,872070312500;7517,637695312500;7770,006835937500;7838,84228515625;7738,60986328125;778,523193359375;444,073577880859;936,148742675781;1299,201049804688;1741,706420898438;3113,440185546875;2579,008789062500;2220,661376953125;1190,728393554688;1582,487304687500;858,670715332031;649,693786621094;15,49022865295410;16,75921440124512;14,11734962463379;11,234912872314453;8,399723052978516;5,3222088813781738;4,4144377708435059;5,10716676712036133;6,8800497055053711;8,738275527954102;12,166040420532227;14,46274757385254;517,0219726562500
80810743;1;11;6973,30761718750;6936,26855468750;6863,61962890625;6582,02929687500;6156,416503906250;5850,88476562500000;5833,7441406250000;5937,827636718750;6334,686035156250;6870,576660156250;7025,60400390625;7042,23193359375;600,178894042969;350,186279296875;584,445800781250;924,101928710938;1291,481933593750;2558,124023437500;2063,105957031250;1765,807617187500;893,178955078125;1213,142578125000;662,254089355469;490,291290283203;13,71970558166504;14,76158046722412;12,00585365295410;8,914377212524414;5,361357688903809;1,8909393548965454;1,1159759759902954;1,90333449840545654;3,1606180667877197;5,223611354827881;10,061532974243164;12,53557777404785;911,3746948242188
103470344;1;12;NA;6426,52880859375;6194,12060546875;5502,01220703125;4577,242187500000;3640,69091796875000;3524,2404785156250;3959,284667968750;4517,290039062500;5544,879394531250;6353,41992187500;6348,29394531250;362,512756347656;243,127975463867;464,711456298828;651,385498046875;873,559692382812;1530,842529296875;1406,706909179688;1249,371093750000;641,498840332031;762,990600585938;433,222015380859;349,881103515625;11,87207412719727;13,27663040161133;10,38705825805664;7,055510520935059;3,552809715270996;0,3441863954067230;-0,2452199310064316;0,35922139883041382;1,6989532709121704;3,184721946716309;7,123473167419434;10,79940223693848;NA
104682885;1;13;7731,75341796875;7616,69482421875;7212,63671875000;6415,44287109375;5632,806152343750;4218,84570312500000;4227,0009765625000;4880,049804687500;5672,389648437500;7105,832031250000;7665,06103515625;7830,31445312500;427,231719970703;246,640884399414;384,165222167969;722,443115234375;1006,629272460938;2218,704833984375;1778,502807617188;1539,734375000000;730,450073242188;944,011962890625;458,685089111328;353,673522949219;13,41139125823975;14,05217933654785;11,18734645843506;7,842513084411621;3,838138818740845;0,2342519164085388;-0,3645182251930237;0,64927065372467041;1,7914215326309204;3,257882595062256;8,575128555297852;12,00880336761475;1303,8432617187500
104713279;1;14;7300,66210937500;7559,32177734375;7224,84130859375;6451,76855468750;5292,371582031250;4925,89111328125000;4986,2973632812500;5281,997070312500;5627,016113281250;6376,008789062500;7106,71875000000;7428,44335937500;1048,704101562500;586,790161132812;1113,802368164062;1663,387817382812;1884,840576171875;2520,414306640625;2121,314941406250;2160,335937500000;1466,196289062500;1593,400756835938;1239,855712890625;1108,417236328125;10,10023880004883;11,88241481781006;9,20953273773193;6,056532859802246;2,653883934020996;-0,9176442623138428;-0,4723012149333954;0,34450682997703552;1,4560230970382690;2,617751121520996;6,136046409606934;9,27725124359131;741,9581298828125
104762792;1;15;7034,34863281250;6860,75976562500;6349,23681640625;5509,78564453125;4807,535644531250;4037,83129882812500;4172,6586914062500;4722,826660156250;5752,997070312500;6949,994628906250;7348,67236328125;7261,99658203125;692,015747070312;355,151580810547;688,553161621094;877,033447265625;896,493591308594;1116,372436523438;894,567138671875;895,281921386719;701,284606933594;699,362670898438;672,835144042969;576,079650878906;9,36020851135254;11,02997207641602;8,38471412658691;5,494988918304443;2,265491724014282;-1,5446838140487671;-1,5902822017669678;-0,00737101258710027;1,4045552015304565;3,148253440856934;7,237710475921631;9,50982570648193;762,7814331054688
105286262;1;16;8343,81347656250;8289,90234375000;7788,94287109375;6957,87695312500;6186,590820312500;5192,66308593750000;5199,1181640625000;5736,122558593750;6349,709960937500;7505,141601562500;8080,41748046875;8255,09765625000;372,491058349609;240,917648315430;350,671813964844;636,590942382812;783,166687011719;1852,904785156250;1680,556518554688;1347,421752929688;641,287597656250;870,472290039062;416,796356201172;300,797698974609;13,32288551330566;14,24784278869629;11,31082057952881;7,836556911468506;3,940362453460693;0,7925760746002197;0,2156514525413513;1,02040505409240723;2,4746847152709961;4,094700336456299;8,987425804138184;12,08718776702881;NA
105812822;1;17;7658,27392578125;7704,43017578125;7894,90087890625;7876,09472656250;7621,225585937500;7505,08154296875000;7504,3085937500000;7564,001464843750;7873,641601562500;8139,559082031250;8140,96386718750;7880,19482421875;439,241119384766;272,286071777344;651,602355957031;945,490905761719;1315,314697265625;2382,771728515625;1995,210815429688;1736,513671875000;914,433410644531;1101,059448242188;631,104797363281;423,458099365234;15,58303737640381;16,70554924011230;13,93042373657227;11,253325462341309;8,774687767028809;6,1987090110778809;5,5101919174194336;6,22439479827880859;7,5680737495422363;9,346495628356934;12,308801651000977;14,58020973205566;280,8420410156250
106330064;1;18;5437,31152343750;5028,88769531250;4426,67382812500;3230,35864257812;1325,758300781250;639,93316650390625;705,0115966796875;1229,790527343750;2235,255859375000;4078,264648437500;5133,05664062500;5121,16113281250;641,117126464844;341,729034423828;653,437683105469;789,460205078125;858,386047363281;1046,775512695312;851,509277343750;909,671020507812;677,189697265625;661,221679687500;612,031921386719;522,359069824219;6,96935415267944;8,84195327758789;6,21676540374756;3,303633689880371;0,267877191305161;-3,3809061050415039;-3,6366231441497803;-2,35755014419555664;-0,9384216070175171;0,533720910549164;3,637689113616943;6,71855592727661;1253,0095214843750
107163700;1;19;5417,48193359375;5216,73632812500;4933,22216796875;4248,49560546875;3016,199951171875;1211,35473632812500;1087,2987060546875;1713,790527343750;2621,944824218750;4198,942871093750;5188,80175781250;5357,07861328125;354,559509277344;180,792739868164;263,954223632812;597,500000000000;839,469299316406;1954,160522460938;1470,586303710938;1324,373046875000;629,706481933594;793,282104492188;341,172607421875;254,436859130859;13,18852615356445;13,32168960571289;10,55903530120850;7,091084003448486;2,748178005218506;-0,8454091548919678;-1,3388478755950928;-0,23013916611671448;1,0631195306777954;2,553842067718506;7,795383930206299;11,51815700531006;1683,2392578125000
108024634;1;20;8159,87158203125;8082,61132812500;7819,64648437500;7221,62841796875;6589,258789062500;5882,58349609375000;5764,8959960937500;6009,554687500000;6707,888183593750;7636,619140625000;8031,65429687500;8122,16601562500;759,846740722656;423,970306396484;756,029968261719;1143,619750976562;1517,260009765625;2900,499511718750;2464,250488281250;2095,538574218750;1072,494140625000;1479,634399414062;759,716247558594;579,219116210938;13,30684280395508;14,43815994262695;11,63877773284912;8,484064102172852;5,049681663513184;1,6153961420059204;0,8676950931549072;1,57409060001373291;2,8135824203491211;4,742924213409424;9,588693618774414;12,14883804321289;981,5029296875000
108294590;1;21;NA;6827,35498046875;6644,53076171875;6243,05664062500;5432,642089843750;5502,20068359375000;5568,2221679687500;5561,483886718750;5625,009765625000;5759,151855468750;6322,72851562500;6510,06787109375;1819,608886718750;997,313903808594;1764,227661132812;2347,713378906250;2532,169921875000;2963,379150390625;2624,179443359375;2698,824462890625;2111,802734375000;2127,689697265625;1790,646728515625;1878,958496093750;9,66380691528320;11,33351516723633;8,94486904144287;6,327351093292236;3,293400049209595;-0,5297759771347046;-0,2740590274333954;0,57504171133041382;1,6121256351470947;3,088983058929443;6,510008811950684;9,13478469848633;650,5025024414062
108431619;1;22;NA;6426,52880859375;6194,12060546875;5502,01220703125;4577,242187500000;3640,69091796875000;3524,2404785156250;3959,284667968750;4517,290039062500;5544,879394531250;6353,41992187500;6348,29394531250;362,512756347656;243,127975463867;464,711456298828;651,385498046875;873,559692382812;1530,842529296875;1406,706909179688;1249,371093750000;641,498840332031;762,990600585938;433,222015380859;349,881103515625;11,87207412719727;13,27663040161133;10,38705825805664;7,055510520935059;3,552809715270996;0,3441863954067230;-0,2452199310064316;0,35922139883041382;1,6989532709121704;3,184721946716309;7,123473167419434;10,79940223693848;NA
108912451;1;23;7777,29589843750;7619,03564453125;7161,51904296875;6417,12695312500;5637,776367187500;4975,30224609375000;5182,9521484375000;5680,264648437500;6532,402832031250;7496,056152343750;7918,34863281250;7884,11083984375;896,196655273438;459,933593750000;873,454956054688;1092,787109375000;1153,635620117188;1431,073852539062;1166,569335937500;1209,301635742188;941,516235351562;942,650878906250;869,702148437500;771,874145507812;8,92235755920410;10,61371803283691;8,11236000061035;5,304539203643799;2,101561546325684;-1,7101298570632935;-1,6317555904388428;-0,23303323984146118;1,0365335941314697;2,527749538421631;6,235375881195068;9,01957130432129;628,7915649414062
110579273;1;24;NA;7110,76220703125;6691,48242187500;6141,20800781250;5351,762207031250;4652,71240234375000;4670,3095703125000;5384,623046875000;5982,999511718750;6895,026367187500;7362,43066406250;7273,24169921875;423,052490234375;264,906707763672;495,634124755859;692,715515136719;903,776245117188;1538,847290039062;1399,596923828125;1267,280029296875;663,907714843750;787,268981933594;472,245086669922;391,973205566406;10,72218227386475;12,06814002990723;9,20813941955566;5,975859642028809;2,541350364685059;-0,5029307007789612;-0,9884195923805237;-0,38015338778495789;0,9445230960845947;2,296100854873657;5,932305812835693;9,50131607055664;NA
112779508;1;25;6506,04589843750;6503,37939453125;6533,96337890625;6396,53125000000;5973,153320312500;5478,28222656250000;5404,6376953125000;5557,843750000000;5881,990234375000;6290,387207031250;6460,20507812500;6508,04541015625;646,862609863281;365,624206542969;640,356506347656;984,554504394531;1401,914550781250;2686,458984375000;2135,135253906250;1834,771728515625;946,442016601562;1291,819091796875;709,045898437500;524,503662109375;13,85081386566162;14,93847084045410;12,21512222290039;9,207340240478516;5,841933250427246;2,5431711673736572;1,7208597660064697;2,45350027084350586;3,8754007816314697;6,026066303253174;10,350772857666016;12,71717739105225;944,0418090820312
116426345;1;26;6509,97802734375;6429,79785156250;6219,03955078125;5739,56689453125;4993,910644531250;4065,63452148437500;3949,6577148437500;4096,789062500000;4644,594726562500;5547,076171875000;6211,99023437500;6373,00048828125;792,982543945312;443,901092529297;826,757446289062;1213,921630859375;1618,287475585938;3019,469726562500;2534,747070312500;2146,728515625000;1127,186523437500;1545,609008789062;801,082763671875;610,197570800781;13,17878627777100;14,29661941528320;11,53743934631348;8,484470367431641;5,155384540557861;1,8045796155929565;0,9612976312637329;1,68556106090545654;3,0162241458892822;4,966175556182861;9,452859878540039;11,99365615844727;1228,5146484375000
117044779;1;27;7542,68261718750;7487,16406250000;7422,32958984375;7212,16210937500;6708,181152343750;5933,76464843750000;5675,7597656250000;5857,961914062500;6216,718750000000;6794,708007812500;7160,34375000000;7402,51464843750;635,465332031250;343,468811035156;639,320190429688;982,021728515625;1431,655517578125;2700,963867187500;2096,516357421875;1817,040771484375;943,494445800781;1258,424316406250;684,869995117188;498,454895019531;13,20407009124756;14,25407791137695;11,51915359497070;8,512201309204102;5,191415309906006;1,8700398206710815;0,8768351078033447;1,85062563419342041;3,1130819320678711;5,185780048370361;9,489180564880371;12,01279640197754;1202,7628173828125
117044844;1;28;7542,68261718750;7487,16406250000;7422,32958984375;7212,16210937500;6708,181152343750;5933,76464843750000;5675,7597656250000;5857,961914062500;6216,718750000000;6794,708007812500;7160,34375000000;7402,51464843750;635,465332031250;343,468811035156;639,320190429688;982,021728515625;1431,655517578125;2700,963867187500;2096,516357421875;1817,040771484375;943,494445800781;1258,424316406250;684,869995117188;498,454895019531;13,20407009124756;14,25407791137695;11,51915359497070;8,512201309204102;5,191415309906006;1,8700398206710815;0,8768351078033447;1,85062563419342041;3,1130819320678711;5,185780048370361;9,489180564880371;12,01279640197754;1202,7628173828125
125377609;1;29;NA;6426,52880859375;6194,12060546875;5502,01220703125;4577,242187500000;3640,69091796875000;3524,2404785156250;3959,284667968750;4517,290039062500;5544,879394531250;6353,41992187500;6348,29394531250;362,512756347656;243,127975463867;464,711456298828;651,385498046875;873,559692382812;1530,842529296875;1406,706909179688;1249,371093750000;641,498840332031;762,990600585938;433,222015380859;349,881103515625;11,87207412719727;13,27663040161133;10,38705825805664;7,055510520935059;3,552809715270996;0,3441863954067230;-0,2452199310064316;0,35922139883041382;1,6989532709121704;3,184721946716309;7,123473167419434;10,79940223693848;NA
126042071;1;30;7851,69238281250;7674,78027343750;7297,05419921875;6590,96972656250;5832,052246093750;4465,25341796875000;4277,7768554687500;4819,452636718750;5485,643066406250;6848,712890625000;7536,94628906250;7820,76464843750;518,809997558594;299,987670898438;471,701416015625;831,997253417969;1184,485107421875;2463,591796875000;1949,811889648438;1694,322753906250;829,493103027344;1071,771362304688;556,723693847656;412,201049804688;13,25009536743164;14,01777076721191;11,18751907348633;7,934564113616943;4,121652126312256;0,5177500247955322;-0,1724660247564316;0,81720376014709473;1,8431030511856079;3,472233057022095;8,713809967041016;11,90515041351318;1338,8586425781250
137197957;1;31;7914,10107421875;7917,19580078125;7947,87597656250;7818,22851562500;7589,315917968750;7350,93945312500000;7289,4008789062500;7333,757812500000;7621,289062500000;8013,809570312500;8089,27685546875;8061,01904296875;601,258728027344;304,558227539062;632,051696777344;947,456176757812;1399,025390625000;2604,434326171875;1985,155761718750;1734,668090820312;907,329040527344;1223,283813476562;646,218566894531;472,849487304688;14,02870559692383;15,14308547973633;12,38413906097412;9,497003555297852;6,394637107849121;3,4485006332397461;2,3501780033111572;3,40257668495178223;4,8545165061950684;6,778471946716309;10,628589630126953;12,92477798461914;784,3068847656250
142560409;1;32;6576,57861328125;5915,39550781250;5448,17480468750;4576,56494140625;3485,463623046875;2106,71752929687500;1992,2135009765625;2519,790283203125;3382,631591796875;4798,672851562500;5665,21386718750;5922,49023437500;478,201171875000;314,427215576172;493,715820312500;805,975036621094;1010,476928710938;2181,127685546875;1966,607666015625;1634,939697265625;802,797363281250;1080,516113281250;534,778869628906;396,432067871094;11,92311000823975;12,88476467132568;10,05175685882568;6,796329975128174;3,109180688858032;-0,1898712217807770;-0,8301604986190796;-0,07653910666704178;1,2301828861236572;2,664997339248657;7,266407489776611;10,62740516662598;1458,0051269531250
144371698;1;33;5417,48193359375;5216,73632812500;4933,22216796875;4248,49560546875;3016,199951171875;1211,35473632812500;1087,2987060546875;1713,790527343750;2621,944824218750;4198,942871093750;5188,80175781250;5357,07861328125;354,559509277344;180,792739868164;263,954223632812;597,500000000000;839,469299316406;1954,160522460938;1470,586303710938;1324,373046875000;629,706481933594;793,282104492188;341,172607421875;254,436859130859;13,18852615356445;13,32168960571289;10,55903530120850;7,091084003448486;2,748178005218506;-0,8454091548919678;-1,3388478755950928;-0,23013916611671448;1,0631195306777954;2,553842067718506;7,795383930206299;11,51815700531006;1683,2392578125000
146013295;1;34;6516,82275390625;6435,40527343750;6123,81689453125;5253,76660156250;3988,938476562500;1798,89428710937500;1685,2897949218750;2441,312011718750;3463,805175781250;5376,346191406250;6391,27734375000;6560,32519531250;400,117736816406;194,739288330078;306,752532958984;673,656188964844;940,910400390625;2136,810302734375;1591,682250976562;1463,746215820312;706,598449707031;891,646606445312;402,104339599609;287,369140625000;13,38270473480225;13,65675258636475;10,89594459533691;7,450362205505371;3,265242576599121;-0,3886830508708954;-0,8820302486419678;0,22354532778263092;1,4829142093658447;3,005802392959595;8,312270164489746;11,83110427856445;1545,5471191406250
146084936;1;35;5723,16845703125;5435,41357421875;5047,54150390625;4322,97070312500;3356,317138671875;2820,58398437500000;2991,5148925781250;3393,174316406250;4300,243164062500;5388,734375000000;5809,34667968750;5669,94042968750;717,158386230469;385,224945068359;713,899414062500;861,301574707031;940,427001953125;1140,631591796875;937,352478027344;1017,776000976562;749,851013183594;730,285400390625;668,619628906250;597,449890136719;8,80526161193848;10,66341590881348;7,82571315765381;4,750965595245361;1,654870629310608;-1,6022756099700928;-1,8540507555007935;-0,46690979599952698;0,8259012699127197;2,292362451553345;5,541508197784424;8,69934463500977;783,8999633789062
147714165;1;36;8005,36718750000;7922,91455078125;7342,21240234375;6205,83349609375;5074,083007812500;3715,84033203125000;3627,4489746093750;4375,246582031250;5154,087402343750;6890,458984375000;7770,17773437500;7981,22705078125;314,281555175781;209,998229980469;289,268157958984;550,234069824219;663,952209472656;1628,751098632812;1473,189208984375;1157,205322265625;543,511474609375;741,464477539062;351,418670654297;255,588851928711;13,00943374633789;13,79708290100098;10,83000564575195;7,330021381378174;3,336028099060059;0,0899342820048332;-0,6171376705169678;0,33151653409004211;1,8751770257949829;3,553943872451782;8,660750389099121;11,75411415100098;NA
147805432;1;37;5857,91210937500;5639,83056640625;5221,24267578125;4334,47460937500;3200,263427734375;2973,35815429687500;3093,4206542968750;3516,460937500000;4324,651855468750;5349,742675781250;5777,68603515625;5770,56689453125;822,663757324219;436,700653076172;806,489624023438;955,036193847656;1058,915283203125;1294,110229492188;1063,734252929688;1176,410278320312;868,084838867188;852,026306152344;756,951965332031;703,889709472656;8,54144191741943;10,44462013244629;7,63033437728882;4,566822528839111;1,481200098991394;-1,6020416021347046;-1,7868407964706421;-0,39460855722427368;0,8048695921897888;2,171334743499756;5,051512718200684;8,26209926605225;863,2335815429688
147838967;1;38;7724,69970703125;7565,23144531250;7197,03466796875;6619,28662109375;5715,022949218750;5210,17724609375000;5237,4501953125000;5781,226074218750;6248,759765625000;7009,768554687500;7504,45556640625;7560,18505859375;574,840393066406;330,961486816406;637,727478027344;988,603027343750;1240,137451171875;1818,620117187500;1500,347656250000;1449,064697265625;870,645751953125;1007,975524902344;730,247680664062;604,142578125000;10,96989345550537;12,68050575256348;9,77838516235352;6,304554462432861;3,149809837341309;0,1843760162591934;0,0445749908685684;0,73914492130279541;1,9437958002090454;3,362227439880371;6,952406883239746;10,14413356781006;NA
148598331;1;39;6001,08593750000;5813,41943359375;5478,57373046875;4836,56738281250;4145,459472656250;3197,58666992187500;3099,0278320312500;3716,501953125000;4251,317871093750;5355,371582031250;5778,12451171875;5825,65625000000;285,509338378906;202,500061035156;342,870727539062;497,505218505859;640,775878906250;1271,195190429688;1206,921142578125;978,559509277344;461,073089599609;613,604736328125;355,326049804688;268,455352783203;11,74185085296631;12,88480567932129;9,93656826019287;6,660938739776611;3,081079006195068;-0,1822621673345566;-0,8748586177825928;-0,19927571713924408;1,2686960697174072;2,907372951507568;7,430357933044434;10,60570716857910;NA
149373411;1;40;6995,42822265625;7344,28906250000;7119,22851562500;6630,24267578125;5053,034179687500;4872,13769531250000;5194,0263671875000;5481,938476562500;5679,460937500000;6296,580078125000;6914,92773437500;7073,01904296875;2475,927001953125;1414,495117187500;2298,254638671875;2770,043701171875;2898,969970703125;3114,635009765625;2856,690917968750;3278,270751953125;2554,226318359375;2444,937500000000;2177,897460937500;2321,879882812500;7,25687551498413;9,32814979553223;7,35965871810913;4,695886135101318;2,067320823669434;-0,5548563599586487;-0,3525909483432770;0,60007119178771973;1,4330332279205322;2,465137720108032;4,714242458343506;6,48706483840942;448,6291503906250
149373417;1;41;NA;5088,96093750000;4744,82226562500;3921,17675781250;2171,640380859375;1788,81018066406250;2267,2963867187500;2789,828125000000;2974,334472656250;3567,120605468750;4383,31103515625;4627,68750000000;1825,523803710938;997,083007812500;1737,885498046875;2162,670654296875;2360,775634765625;2693,408691406250;2406,004150390625;2776,371582031250;2042,228149414062;1926,039550781250;1718,941040039062;1670,927856445312;5,05537319183350;7,25647401809692;5,38534450531006;2,872054100036621;0,645389795303345;-1,8647115230560303;-1,9674590826034546;-1,18013107776641846;-0,2366546690464020;0,850930809974670;2,910399436950684;4,96301174163818;841,5150756835938
149565173;1;42;7094,00195312500;7026,22070312500;6677,57666015625;6103,24316406250;5588,707031250000;4961,41601562500000;4911,4218750000000;5424,308105468750;5980,721679687500;6692,297363281250;7085,46337890625;7060,37402343750;483,714752197266;272,448089599609;549,283813476562;835,593994140625;1080,932128906250;1550,467163085938;1240,607055664062;1182,094482421875;692,678039550781;810,385070800781;637,252441406250;512,945922851562;11,00456619262695;12,72908973693848;9,79741859436035;6,342019557952881;3,114368677139282;-0,0865336135029793;-0,2592020630836487;0,50830483436584473;1,8151642084121704;3,418827295303345;7,342614650726318;10,33153724670410;NA
150913424;1;43;6048,00244140625;6074,03320312500;5671,83251953125;4947,44775390625;3401,765136718750;3157,63378906250000;3566,6604003906250;3864,742675781250;4183,744140625000;4802,198730468750;5462,75439453125;5804,21533203125;1480,255615234375;889,343078613281;1358,377685546875;1564,318847656250;1531,361816406250;1612,408813476562;1392,425415039062;1714,022216796875;1328,045166015625;1300,070312500000;1227,780639648438;1275,562622070312;6,66276454925537;8,64203262329102;6,42585659027100;3,590697288513184;0,816583275794983;-2,2406575679779053;-2,2697000503540039;-0,98380124568939209;0,1992584168910980;1,442269921302795;3,506575584411621;5,82308864593506;674,5847778320312
151227339;1;44;7009,83398437500;6764,89599609375;6295,64599609375;5402,59765625000;4054,395019531250;3150,98461914062500;3241,5434570312500;3844,135253906250;4421,570312500000;5717,077148437500;6688,63769531250;6871,32373046875;565,011169433594;341,892425537109;628,013549804688;926,049255371094;1138,954833984375;1704,998901367188;1464,955932617188;1390,737670898438;783,253356933594;991,596740722656;682,278259277344;529,247436523438;10,18858242034912;11,62351417541504;8,73892593383789;5,514006614685059;1,979445338249207;-1,7688506841659546;-1,7521779537200928;-0,85274350643157959;0,3651570677757263;1,829278588294983;6,173634052276611;9,18326187133789;NA
154365179;1;45;NA;7055,62597656250;6798,89306640625;6314,74755859375;5098,259277343750;4316,01708984375000;4398,0805664062500;4670,035644531250;5047,498046875000;5890,928710937500;6858,85937500000;7095,52587890625;972,793823242188;615,949218750000;1069,917846679688;1432,129394531250;1813,538452148438;2634,922607421875;2260,747802734375;2202,397949218750;1284,504760742188;1643,734497070312;1073,412353515625;904,397521972656;11,41262722015381;12,83976650238037;10,34370326995850;7,537194728851318;4,484389305114746;0,8472839593887329;0,4607076048851013;0,98042196035385132;2,2226908206939697;3,899001121520996;7,959578514099121;10,53377151489258;1028,0418701171875
154365332;1;46;NA;7055,62597656250;6798,89306640625;6314,74755859375;5098,259277343750;4316,01708984375000;4398,0805664062500;4670,035644531250;5047,498046875000;5890,928710937500;6858,85937500000;7095,52587890625;972,793823242188;615,949218750000;1069,917846679688;1432,129394531250;1813,538452148438;2634,922607421875;2260,747802734375;2202,397949218750;1284,504760742188;1643,734497070312;1073,412353515625;904,397521972656;11,41262722015381;12,83976650238037;10,34370326995850;7,537194728851318;4,484389305114746;0,8472839593887329;0,4607076048851013;0,98042196035385132;2,2226908206939697;3,899001121520996;7,959578514099121;10,53377151489258;1028,0418701171875
155991552;1;47;6516,82275390625;6435,40527343750;6123,81689453125;5253,76660156250;3988,938476562500;1798,89428710937500;1685,2897949218750;2441,312011718750;3463,805175781250;5376,346191406250;6391,27734375000;6560,32519531250;400,117736816406;194,739288330078;306,752532958984;673,656188964844;940,910400390625;2136,810302734375;1591,682250976562;1463,746215820312;706,598449707031;891,646606445312;402,104339599609;287,369140625000;13,38270473480225;13,65675258636475;10,89594459533691;7,450362205505371;3,265242576599121;-0,3886830508708954;-0,8820302486419678;0,22354532778263092;1,4829142093658447;3,005802392959595;8,312270164489746;11,83110427856445;1545,5471191406250
164374618;1;48;7800,80322265625;7783,50732421875;7770,93212890625;7422,20947265625;6913,252929687500;6746,72265625000000;6611,2792968750000;6705,251953125000;7214,110351562500;7733,584960937500;7909,21240234375;7871,06494140625;719,657714843750;374,566497802734;730,902160644531;1089,279907226562;1442,641723632812;2769,444580078125;2284,723632812500;1941,064575195312;977,306457519531;1406,026367187500;713,126037597656;550,669555664062;14,68688869476318;15,87771987915039;13,14364051818848;10,091632843017578;6,714710712432861;3,3008360862731934;2,3391256332397461;3,09642934799194336;4,7297711372375488;7,139357566833496;11,228687286376953;13,60181617736816;773,9035644531250
167771008;1;49;7800,80322265625;7783,50732421875;7770,93212890625;7422,20947265625;6913,252929687500;6746,72265625000000;6611,2792968750000;6705,251953125000;7214,110351562500;7733,584960937500;7909,21240234375;7871,06494140625;719,657714843750;374,566497802734;730,902160644531;1089,279907226562;1442,641723632812;2769,444580078125;2284,723632812500;1941,064575195312;977,306457519531;1406,026367187500;713,126037597656;550,669555664062;14,68688869476318;15,87771987915039;13,14364051818848;10,091632843017578;6,714710712432861;3,3008360862731934;2,3391256332397461;3,09642934799194336;4,7297711372375488;7,139357566833496;11,228687286376953;13,60181617736816;773,9035644531250
NA;0;50;6555,77099609375;6466,73144531250;6042,49951171875;5152,77099609375;3861,705810546875;1715,22448730468750;1543,8967285156250;2048,639892578125;3227,265869140625;5391,549804687500;6526,23632812500;6537,42578125000;375,053131103516;235,002243041992;363,344482421875;646,709289550781;826,435058593750;1899,107910156250;1643,754272460938;1360,056152343750;638,987365722656;874,151123046875;429,832336425781;318,921325683594;12,24142360687256;13,06108474731445;10,20278835296631;6,891310691833496;2,851327419281006;-0,6220306158065796;-1,3806874752044678;-0,42835590243339539;0,9648274779319763;2,539203882217407;7,386620998382568;10,90880203247070;NA
NA;0;51;4415,35449218750;4283,95507812500;3963,58642578125;3555,65063476562;3043,913330078125;1962,20751953125000;1835,4167480468750;2509,909179687500;3037,171386718750;3870,610595703125;4286,08789062500;4405,12939453125;240,605834960938;183,181854248047;289,169525146484;425,934265136719;559,904602050781;1075,751098632812;1032,117797851562;807,084960937500;379,775909423828;510,701324462891;308,454833984375;229,857391357422;12,10109329223633;13,18367385864258;10,11891078948975;6,766676902770996;3,082884788513184;-0,3367726504802704;-1,1367757320404053;-0,40262958407402039;1,2591288089752197;3,191130638122559;7,950001239776611;10,94241714477539;NA
NA;0;52;7504,68408203125;7376,42089843750;7001,11376953125;6394,77539062500;5707,628417968750;5265,86132812500000;5291,5644531250000;5608,976074218750;6015,006347656250;6871,795898437500;7384,74707031250;7398,25146484375;496,225982666016;291,645172119141;535,650573730469;753,592407226562;951,762756347656;1536,023193359375;1369,169555664062;1261,620361328125;687,475524902344;836,801452636719;539,227661132812;446,213134765625;11,64635658264160;13,14228248596191;10,16926956176758;6,658878803253174;3,113544702529907;-0,4572102725505829;-0,5147715210914612;0,32323607802391052;1,8056223392486572;3,191689968109131;7,258620262145996;10,80035781860352;NA
NA;0;53;4381,98437500000;4387,85449218750;4216,56689453125;4108,45019531250;3752,872070312500;3389,23583984375000;3198,8171386718750;3436,525390625000;3862,960205078125;4308,840820312500;4480,44531250000;4479,62744140625;480,948059082031;299,542449951172;517,385253906250;666,855041503906;710,380859375000;828,688720703125;697,900390625000;714,672546386719;506,708770751953;478,697113037109;456,208679199219;369,152435302734;10,38251686096191;12,10704994201660;9,24487209320068;6,171599388122559;3,139693260192871;0,0449106842279434;-0,3478759825229645;0,72521871328353882;2,1061644554138184;3,982161521911621;7,570870876312256;10,36306667327881;474,6543579101562
NA;0;54;NA;NA;NA;NA;NA;NA;NA;NA;NA;NA;NA;NA;NA;NA;NA;NA;NA;NA;NA;NA;NA;NA;NA;NA;NA;NA;NA;NA;NA;NA;NA;NA;NA;NA;NA;NA;NA
NA;0;55;6778,75341796875;6810,98144531250;7065,83740234375;7026,71923828125;6705,546386718750;6660,41015625000000;6592,1772460937500;6808,730468750000;7389,069824218750;7884,756347656250;7826,14550781250;7278,49902343750;640,689941406250;328,675048828125;731,771301269531;1029,177368164062;1499,980590820312;2724,161621093750;2109,288818359375;1813,773193359375;970,669799804688;1349,758422851562;673,839965820312;511,111083984375;15,39553737640381;16,53937149047852;13,86149978637695;11,001153945922852;8,005293846130371;5,3506155014038086;4,3014111518859863;5,23338222503662109;6,7767424583435059;8,650313377380371;12,016138076782227;14,36387062072754;406,4142761230469
NA;0;56;NA;7671,84326171875;7361,51269531250;6695,01269531250;5595,803222656250;4957,37255859375000;5206,4995117187500;5812,825683593750;6164,614257812500;6990,819335937500;7562,15429687500;7721,32373046875;840,494995117188;485,605041503906;926,046936035156;1416,555175781250;1674,180175781250;2286,756103515625;1906,279907226562;1904,079956054688;1206,719482421875;1418,753051757812;1070,953979492188;914,723693847656;9,88769435882568;11,61716079711914;8,96607398986816;5,843057155609131;2,665160179138184;-0,7528086304664612;-0,7294372320175171;-0,02440999262034893;1,0680429935455322;2,311898708343506;5,912988185882568;9,03176307678223;NA
NA;0;57;8169,69042968750;7997,16455078125;7891,52294921875;7781,76660156250;7366,156250000000;7151,79394531250000;7091,3193359375000;7118,711914062500;7328,070312500000;7487,263183593750;7716,10644531250;7867,80126953125;953,010925292969;581,569396972656;1140,088256835938;1515,034057617188;2008,092407226562;3184,515380859375;2567,692626953125;2423,171630859375;1323,736328125000;1663,465698242188;1039,264160156250;869,731384277344;12,55492591857910;13,97722816467285;11,43835830688477;8,838092803955078;6,069670677185059;2,7339010238647461;1,8356720209121704;2,28055214881896973;3,7525064945220947;5,678226947784424;9,393985748291016;11,52709388732910;864,2467041015625
NA;0;58;8012,33056640625;8579,74609375000;8309,93652343750;7866,85205078125;6989,136230468750;7014,50927734375000;7185,4042968750000;7262,580078125000;7114,357421875000;7795,093261718750;8264,14257812500;8220,83398437500;2551,095703125000;1533,772216796875;2515,453125000000;2916,860595703125;3080,498779296875;3191,725830078125;2842,350585937500;3123,817138671875;2578,887939453125;2472,224853515625;2248,923095703125;2541,214599609375;9,53348159790039;11,15108108520508;9,09991359710693;6,632440090179443;3,930174827575684;0,1235137954354286;0,2712188661098480;1,28028261661529541;2,4684896469116211;4,137582302093506;7,395649433135986;9,50349330902100;542,9515380859375
NA;0;59;8174,09570312500;8160,31250000000;8030,65429687500;7673,14746093750;7056,054199218750;6699,06884765625000;6561,0605468750000;6734,357421875000;7372,272460937500;7997,073730468750;8205,59570312500;8244,56835937500;667,243957519531;363,083038330078;653,977416992188;1012,865356445312;1327,790405273438;2631,499755859375;2233,548583984375;1884,368041992188;940,563598632812;1328,291503906250;670,572631835938;509,352111816406;14,53248023986816;15,71213150024414;12,88576126098633;9,661813735961914;6,106703758239746;2,6044301986694336;1,8495422601699829;2,58750820159912109;4,0287923812866211;6,332253932952881;10,950260162353516;13,42381668090820;870,5471801757812
NA;0;60;4059,49414062500;4696,58886718750;4554,51757812500;3763,11694335938;2148,808837890625;1564,34777832031250;1541,6950683593750;1836,480224609375;2080,188232421875;2578,704589843750;3470,28955078125;4004,77416992188;1635,660766601562;951,828430175781;1694,737426757812;2400,366699218750;2749,107910156250;3283,016357421875;2776,729248046875;2890,576660156250;2049,351562500000;2237,050292968750;1793,963867187500;1710,273315429688;9,28110122680664;11,00854396820068;8,70601272583008;6,233153343200684;3,364653587341309;-0,2268381714820862;-0,3282175660133362;0,24406331777572632;1,2793670892715454;2,733687400817871;6,147755146026611;8,69558620452881;1041,3300781250000
NA;0;61;1920,50915527344;2857,87500000000;2710,22802734375;2268,93627929688;1392,465820312500;1224,04040527343750;1294,6596679687500;1429,303955078125;1551,887573242188;1759,614257812500;2316,51733398438;2481,45263671875;1637,692626953125;890,174438476562;1601,135131835938;2167,186035156250;2315,060546875000;2816,562744140625;2488,381835937500;2546,204101562500;1973,895263671875;1997,065673828125;1631,374511718750;1687,344482421875;8,30689907073975;10,17080116271973;7,76631069183350;5,099567890167236;1,994546532630920;-1,6209014654159546;-1,3498494625091553;-0,50868326425552368;0,4853963255882263;1,785633325576782;4,807687282562256;7,47260951995850;1291,4406738281250
NA;0;62;7338,82568359375;7201,32373046875;6880,11523437500;6366,42333984375;5349,620117187500;4396,22753906250000;4394,1250000000000;4948,258300781250;5496,483398437500;6357,848144531250;7015,66406250000;7278,97265625000;611,870178222656;367,825958251953;679,890075683594;1066,233764648438;1324,733276367188;2012,040161132812;1707,042846679688;1593,316772460938;941,708923339844;1114,818481445312;760,945434570312;594,924133300781;11,84100723266602;13,49555873870850;10,45490932464600;6,672499656677246;3,072239160537720;-0,4668996036052704;-0,3057159483432770;0,61638283729553223;1,9209839105606079;3,320998191833496;7,406544208526611;10,90844631195068;NA
NA;0;63;6995,42822265625;7344,28906250000;7119,22851562500;6630,24267578125;5053,034179687500;4872,13769531250000;5194,0263671875000;5481,938476562500;5679,460937500000;6296,580078125000;6914,92773437500;7073,01904296875;2475,927001953125;1414,495117187500;2298,254638671875;2770,043701171875;2898,969970703125;3114,635009765625;2856,690917968750;3278,270751953125;2554,226318359375;2444,937500000000;2177,897460937500;2321,879882812500;7,25687551498413;9,32814979553223;7,35965871810913;4,695886135101318;2,067320823669434;-0,5548563599586487;-0,3525909483432770;0,60007119178771973;1,4330332279205322;2,465137720108032;4,714242458343506;6,48706483840942;448,6291503906250
NA;0;64;5191,87207031250;5328,14160156250;5273,17236328125;4969,02050781250;4795,066406250000;4926,98193359375000;NA;NA;NA;NA;5150,80810546875;NA;279,000427246094;185,284881591797;342,067352294922;487,607269287109;660,382995605469;1169,953613281250;1093,343261718750;908,728637695312;444,010589599609;549,867431640625;334,080841064453;258,102508544922;13,47739028930664;14,90141677856445;11,86506557464600;8,323907852172852;4,737934589385986;1,4331043958663940;0,8489420413970947;1,53724563121795654;3,1603739261627197;5,026401996612549;9,259047508239746;12,43875026702881;NA
NA;0;65;7097,85693359375;7013,24755859375;6612,45458984375;5657,13720703125;4717,609863281250;2851,89990234375000;2902,7338867187500;3773,536621093750;4883,183105468750;6451,475585937500;7049,34375000000;7157,87792968750;335,960296630859;181,963195800781;256,016815185547;577,266723632812;810,313598632812;1911,111206054688;1466,930541992188;1290,771850585938;591,682861328125;769,709350585938;337,792114257812;259,804382324219;14,45299720764160;14,70795631408691;11,76294326782227;8,267160415649414;3,952712059020996;0,1880788207054138;-0,2240661680698395;0,95401918888092041;2,2259612083435059;3,751265525817871;9,599364280700684;12,97624111175537;1344,4649658203125
NA;0;66;6368,97607421875;6250,63037109375;5924,34716796875;5174,94042968750;4316,605957031250;2400,31225585937500;2444,3432617187500;3463,626220703125;4426,836914062500;5859,787597656250;6410,27294921875;6487,97070312500;346,892272949219;175,924026489258;255,721130371094;591,671264648438;832,960327148438;1950,543823242188;1467,489868164062;1315,772460937500;615,671630859375;788,796997070312;340,844818115234;251,006637573242;13,86044216156006;14,02513504028320;11,20520973205566;7,751351833343506;3,447091579437256;-0,2558960020542145;-0,6954864263534546;0,46691283583641052;1,7033121585845947;3,233071804046631;8,786157608032227;12,32129859924316;1378,0445556640625
NA;0;67;5327,66357421875;5391,26318359375;5863,63134765625;6244,79296875000;6351,574707031250;6221,30957031250000;6184,2416992187500;6351,184082031250;6896,991699218750;7326,626953125000;6990,35205078125;6041,99707031250;211,309646606445;141,469665527344;367,127838134766;550,372863769531;813,354919433594;1578,867065429688;1218,824584960938;1059,045654296875;539,123046875000;658,285522460938;339,502502441406;193,481796264648;16,93707656860352;17,83855628967285;15,06916713714600;12,227396011352539;9,647769927978516;7,7282400131225586;6,8865551948547363;7,51963186264038086;8,7827548980712891;10,481795310974121;13,371067047119141;15,80920314788818;95,2986068725586
NA;0;68;7548,06347656250;7457,07617187500;6910,25195312500;5774,15380859375;4194,291992187500;3376,71142578125000;3497,0090332031250;3873,756103515625;4331,729980468750;5647,416503906250;6782,48828125000;7225,27050781250;954,428894042969;566,167846679688;1032,113403320312;1614,716064453125;1923,934936523438;2698,809814453125;2276,554443359375;2244,848632812500;1429,121459960938;1665,393432617188;1148,834228515625;1016,401733398438;9,81782913208008;11,60880947113037;8,90356349945068;5,650231838226318;2,501301050186157;-0,6025095582008362;-0,5804300904273987;0,08198445290327072;1,1957743167877197;2,438348293304443;5,546853542327881;8,42333889007568;NA
NA;0;69;8353,12500000000;8422,87011718750;8276,68847656250;8095,15039062500;7638,657226562500;7166,72949218750000;7004,5864257812500;7069,957519531250;7296,240722656250;7816,368164062500;8107,29882812500;8300,89257812500;1259,174804687500;831,914428710938;1375,331176757812;1844,542236328125;2302,697753906250;2956,480712890625;2445,193115234375;2468,000732421875;1496,471191406250;1980,688598632812;1397,638427734375;1177,378906250000;12,32592201232910;13,69269752502441;11,61071681976318;9,354715347290039;6,973540306091309;3,7607259750366211;3,0446157455444336;3,37580251693725586;4,7230467796325684;6,649031639099121;9,807814598083496;11,53875160217285;802,4927978515625
NA;0;70;7064,48291015625;6960,08886718750;6576,26757812500;5869,72509765625;4603,357910156250;3552,01098632812500;3548,2810058593750;4195,246582031250;4768,852539062500;5816,450683593750;6627,52197265625;6924,65527343750;857,805969238281;544,444580078125;963,070983886719;1490,163085937500;1830,131103515625;2669,970458984375;2253,446044921875;2136,183349609375;1313,476196289062;1552,259643554688;1060,168334960938;884,417480468750;10,47439479827881;12,19820022583008;9,36051845550537;5,857415676116943;2,350060939788818;-1,1032674312591553;-0,9814107418060303;-0,14047342538833618;1,0358927249908447;2,309360742568970;5,965031147003174;9,00012111663818;NA
NA;0;71;7394,53515625000;7761,01513671875;7500,28369140625;6963,10644531250;5574,419433593750;5396,70654296875000;5592,9926757812500;5712,255371093750;5749,726562500000;6450,626953125000;7111,32958984375;7464,18847656250;2580,928710937500;1499,849487304688;2401,630615234375;2832,027343750000;2941,453613281250;3120,718750000000;2908,406982421875;3276,748291015625;2609,353271484375;2500,945068359375;2245,908691406250;2447,941650390625;7,46911525726318;9,43680191040039;7,49567079544067;4,773518085479736;1,838037133216858;-1,0189626216888428;-0,6861633062362671;0,29327800869941711;1,1287678480148315;2,202447414398193;4,564513206481934;6,66334962844849;530,8599853515625
NA;0;72;NA;8115,67431640625;7859,44873046875;7452,99951171875;6490,456054687500;6216,99121093750000;6211,2739257812500;6356,498535156250;6534,279296875000;7138,320312500000;7739,64746093750;7819,01367187500;2055,972900390625;1189,973388671875;2001,783447265625;2526,497314453125;2774,517333984375;3104,135009765625;2743,964843750000;2931,522460937500;2343,579589843750;2244,023193359375;1909,228881835938;1996,124511718750;9,31563758850098;11,00144386291504;8,85486793518066;6,535714626312256;3,987095117568970;0,3677510619163513;0,2683196961879730;0,91944783926010132;1,8596791028976440;3,436553001403809;6,720656394958496;9,08475685119629;579,4737548828125
NA;0;73;6722,39990234375;6586,41796875000;6360,62500000000;6046,99658203125;5554,290527343750;5295,53955078125000;5396,6503906250000;5583,939941406250;5904,743652343750;6410,272949218750;6665,85253906250;6670,49121093750;396,529113769531;225,905868530273;425,065521240234;653,509948730469;853,759582519531;1258,877807617188;1096,847778320312;974,898681640625;528,598327636719;644,919311523438;480,679687500000;346,740264892578;13,08279323577881;14,70466995239258;11,33039283752441;7,346566677093506;3,590697288513184;-0,4214233458042145;-0,4344441592693329;0,79704689979553223;2,3951864242553711;4,440637111663818;9,763406753540039;12,42032814025879;NA
NA;0;74;5827,43847656250;6621,04492187500;6575,45605468750;6453,60058593750;6143,160156250000;6332,10839843750000;6557,4760742187500;6626,117675781250;6593,497558593750;5972,639648437500;6085,35595703125;6113,96630859375;788,254516601562;473,623352050781;1015,551635742188;1252,849975585938;1661,707519531250;2608,331787109375;2139,941650390625;1964,388671875000;1091,983276367188;1382,233032226562;867,558349609375;754,036743164062;14,95838356018066;16,46726417541504;14,08475112915039;11,673506736755371;9,254037857055664;6,3130278587341309;5,4488158226013184;5,84681081771850586;7,2786145210266113;9,077208518981934;12,036452293395996;14,03753566741943;284,5538940429688
NA;0;75;6772,45703125000;6539,22021484375;5894,18945312500;4922,17871093750;3787,720214843750;2867,32128906250000;3034,2695312500000;3933,535400390625;4945,421386718750;6383,438476562500;6853,81152343750;6805,41748046875;631,296936035156;316,359588623047;610,658264160156;846,652343750000;874,689025878906;1151,209838867188;879,888183593750;859,834594726562;663,109008789062;621,193237304688;573,201660156250;515,555480957031;8,71276283264160;10,46016311645508;7,78743886947632;4,918908596038818;1,761183619499207;-1,8562734127044678;-1,8955037593841553;-0,47971698641777039;0,7218261957168579;2,274311304092407;5,839456081390381;8,74947547912598;950,2817382812500
NA;0;76;2940,57421875000;3066,38867187500;2676,56542968750;1954,96459960938;820,948364257812;523,84832763671875;621,0794067382812;893,955993652344;1235,462768554688;1938,996337890625;2657,98681640625;2836,76831054688;1374,738769531250;758,667785644531;1325,965209960938;1656,297851562500;1775,447387695312;1979,744750976562;1698,921264648438;2027,535278320312;1524,264648437500;1428,530029296875;1328,848876953125;1261,708862304688;6,38019704818726;8,57569313049316;6,54510402679443;4,052550315856934;1,837920069694519;-0,8924875855445862;-1,1804717779159546;-0,49582010507583618;0,4159027040004730;1,716673731803894;4,150033473968506;5,98078298568726;1249,3718261718750
NA;0;77;7119,76025390625;6919,42138671875;6323,58300781250;5276,79150390625;4239,327148437500;3185,91992187500000;3506,1916503906250;4216,432617187500;5077,002929687500;6487,891601562500;7107,90332031250;7147,75000000000;493,285186767578;246,112457275391;558,131103515625;806,590820312500;854,301391601562;1157,870483398438;953,892028808594;852,024475097656;577,397216796875;599,382995605469;534,672302246094;433,752899169922;9,74490261077881;11,49334144592285;8,78093338012695;5,861474514007568;2,718514919281006;-0,9804087281227112;-1,2900451421737671;-0,11924336850643158;1,2993204593658447;3,151274681091309;6,883472919464111;9,47113418579102;NA
NA;0;78;5601,53466796875;5767,23339843750;6207,70898437500;6471,64648437500;6519,447265625000;6519,84228515625000;6476,3452148437500;6759,323730468750;7358,093750000000;7753,392089843750;7275,70751953125;6182,20019531250;250,893035888672;159,426696777344;392,174438476562;557,393249511719;880,243530273438;1606,731445312500;1194,451660156250;1065,293457031250;539,438415527344;669,809265136719;321,830688476562;211,691345214844;16,62473869323730;17,58316993713379;14,73456192016602;11,928893089294434;9,212279319763184;7,2912077903747559;6,3484435081481934;7,05949831008911133;8,3736152648925781;10,039402008056641;13,074416160583496;15,51061916351318;200,2716674804688
NA;0;79;NA;8115,67431640625;7859,44873046875;7452,99951171875;6490,456054687500;6216,99121093750000;6211,2739257812500;6356,498535156250;6534,279296875000;7138,320312500000;7739,64746093750;7819,01367187500;2055,972900390625;1189,973388671875;2001,783447265625;2526,497314453125;2774,517333984375;3104,135009765625;2743,964843750000;2931,522460937500;2343,579589843750;2244,023193359375;1909,228881835938;1996,124511718750;9,31563758850098;11,00144386291504;8,85486793518066;6,535714626312256;3,987095117568970;0,3677510619163513;0,2683196961879730;0,91944783926010132;1,8596791028976440;3,436553001403809;6,720656394958496;9,08475685119629;579,4737548828125
NA;0;80;6131,95019531250;6398,24072265625;6005,99121093750;5347,87744140625;4463,120117187500;3732,28784179687500;3773,9426269531250;4066,538330078125;4502,871582031250;5447,527832031250;6182,20263671875;6340,92236328125;727,749816894531;439,124938964844;810,180480957031;1124,805419921875;1451,606567382812;2345,394287109375;2085,628662109375;1969,352905273438;1112,086791992188;1333,221069335938;819,263305664062;682,855957031250;10,66772365570068;12,07166481018066;9,37431716918945;6,318587303161621;2,930149316787720;-0,5119588375091553;-0,8558156490325928;-0,23469644784927368;1,1007019281387329;2,350498437881470;6,029748439788818;9,47657680511475;1324,5203857421875
NA;0;81;NA;7227,27734375000;6627,33349609375;5210,11376953125;3248,069091796875;2377,22778320312500;2510,2072753906250;2954,329345703125;3749,109863281250;5253,854492187500;6562,37646484375;7153,22412109375;973,180908203125;508,327209472656;987,771972656250;1383,982910156250;1505,594726562500;2016,457275390625;1713,984375000000;1692,789428710938;1264,642456054688;1240,486328125000;993,028442382812;950,274658203125;8,12638759613037;10,07402420043945;7,51330471038818;4,611769676208496;1,472777247428894;-1,9348307847976685;-1,7311513423919678;-0,78799033164978027;0,2356760650873184;1,491245508193970;4,300714015960693;7,04682826995850;1059,8873291015625
NA;0;82;2066,16430664062;2046,20788574219;2079,63427734375;2214,73364257812;2088,857910156250;1738,54821777343750;1575,4379882812500;1828,733154296875;1968,574340820312;2169,947265625000;2236,23803710938;2171,12402343750;186,966369628906;153,734802246094;254,011550903320;338,663085937500;316,010437011719;384,038604736328;297,247802734375;261,182769775391;228,614929199219;205,442031860352;187,134658813477;125,068260192871;11,44898891448975;12,98959732055664;9,77565383911133;6,289259910583496;2,909417629241943;-0,8861449956893921;-1,8431712388992310;0,32541808485984802;2,6172933578491211;5,251311302185059;9,003864288330078;11,57684230804443;NA
NA;0;83;5247,04003906250;6135,31298828125;6400,47802734375;6381,57226562500;6122,107421875000;6275,73046875000000;6315,4042968750000;6295,931152343750;6245,410644531250;6019,375488281250;6128,72265625000;6068,73144531250;919,940307617188;574,003967285156;1120,579711914062;1507,864990234375;1930,417480468750;2949,369628906250;2298,301025390625;2244,766113281250;1254,248657226562;1571,348632812500;1016,391296386719;861,292358398438;14,73548793792725;16,24487113952637;14,00507545471191;11,685327529907227;9,516310691833496;6,6837353706359863;5,7720479965209961;6,04012966156005859;7,4652752876281738;9,153467178344727;12,030119895935059;13,83493995666504;231,0727081298828
NA;0;84;NA;5235,23876953125;4997,56787109375;4676,47119140625;3908,904052734375;3064,41699218750000;2793,6250000000000;2883,689453125000;3296,388183593750;4026,778320312500;4827,89697265625;5050,54492187500;843,330200195312;501,794708251953;991,903198242188;1287,712890625000;1741,460327148438;2885,920654296875;2473,047607421875;2260,859863281250;1226,518188476562;1576,046630859375;944,093444824219;772,528015136719;11,65639114379883;12,95897865295410;10,34574794769287;7,552952289581299;4,445698261260986;0,9472340941429138;0,2526489198207855;0,76768898963928223;1,9378956556320190;3,742506980895996;7,958103656768799;10,56063747406006;1178,2713623046875
NA;0;85;NA;8093,79150390625;7522,27148437500;6781,63134765625;5821,927246093750;5111,03076171875000;5094,4755859375000;5566,793945312500;6179,148437500000;7399,086425781250;8071,80224609375;8207,07031250000;668,985595703125;410,243377685547;754,367431640625;1031,247314453125;1301,811035156250;2088,856933593750;1847,728881835938;1737,122680664062;985,117248535156;1202,662841796875;742,534118652344;628,508728027344;11,00867080688477;12,42978286743164;9,69705104827881;6,527012348175049;3,098540306091309;-0,4187835752964020;-0,6038981080055237;0,07137959450483322;1,3464853763580322;2,742013454437256;6,527434349060059;10,03954505920410;NA
NA;0;86;5898,24169921875;6283,60009765625;6304,09814453125;6226,12792968750;5824,924316406250;5450,51220703125000;5411,1298828125000;5463,412109375000;5512,131835937500;5566,117187500000;5785,50634765625;5979,60839843750;1110,527587890625;708,910156250000;1286,929809570312;1700,530395507812;2147,993408203125;2919,240722656250;2297,305419921875;2311,299072265625;1333,677612304688;1754,994628906250;1176,192260742188;1007,762329101562;12,57784461975098;13,99411392211914;11,74359512329102;9,438196182250977;6,926583766937256;3,9494516849517822;3,3063445091247559;3,54233694076538086;4,9168996810913086;6,517689228057861;9,676904678344727;11,65416336059570;768,4899291992188
NA;0;87;5736,01318359375;5831,54687500000;6335,96826171875;6753,67431640625;6851,109375000000;6831,27685546875000;6799,7338867187500;6950,038574218750;7318,567871093750;7582,159179687500;7090,24560546875;6246,64208984375;161,654907226562;109,873191833496;305,944458007812;515,390258789062;651,284484863281;1343,664062500000;1065,656738281250;960,773742675781;492,524871826172;530,543273925781;291,951385498047;165,864578247070;15,98452663421631;16,79776382446289;14,54518032073975;12,077640533447266;9,862543106079102;8,0150489807128906;7,2056570053100586;7,72645998001098633;8,7356357574462891;10,277129173278809;12,846495628356934;14,99804592132568;83,3212127685547
NA;0;88;NA;8588,37011718750;8275,65820312500;7899,21044921875;7235,344238281250;7290,72509765625000;7458,4560546875000;7721,931640625000;7761,196289062500;8221,380859375000;8390,45214843750;8435,20117187500;1528,473266601562;844,256530761719;1439,658081054688;1750,284545898438;1920,874145507812;2234,802734375000;1932,472656250000;2104,968994140625;1671,404663085938;1637,507812500000;1446,027099609375;1414,303344726562;10,03979396820068;11,64402675628662;9,40616798400879;6,725701808929443;3,778522729873657;0,1900980621576309;0,1947570741176605;1,20909011363983154;2,2942545413970947;3,795719385147095;7,290043354034424;9,98007106781006;348,1738891601562
NA;0;89;NA;6848,68701171875;6355,44335937500;5276,26123046875;3476,484863281250;2299,17700195312500;2295,6105957031250;2714,284912109375;3374,988769531250;4971,538085937500;6472,03613281250;6929,91503906250;647,933471679688;397,536895751953;725,784912109375;1075,333862304688;1328,018066406250;1983,263916015625;1699,470458984375;1619,137573242188;932,793090820312;1157,647338867188;783,962646484375;621,831237792969;9,43327236175537;10,86131668090820;8,09483242034912;5,044096946716309;1,543934106826782;-2,1205353736877441;-2,1531839370727539;-1,32625937461853027;-0,2058471739292145;1,188724756240845;5,256550312042236;8,12964820861816;NA
NA;0;90;NA;6874,63134765625;6228,76806640625;4684,64648437500;2580,815429687500;1681,60913085937500;1744,7332763671875;2331,787109375000;3199,232421875000;4882,093261718750;6400,54589843750;6870,94726562500;834,660217285156;431,719299316406;863,071899414062;1218,275024414062;1330,050048828125;1806,816284179688;1519,882202148438;1479,611206054688;1088,704467773438;1062,382690429688;857,789794921875;800,524475097656;7,78181362152100;9,70324134826660;7,13683462142944;4,272368431091309;1,133284449577332;-2,3464620113372803;-2,2218384742736816;-1,26271665096282959;-0,1867889463901520;1,115319848060608;3,978183984756470;6,76858949661255;1186,9763183593750
NA;0;91;5545,76123046875;5495,01806640625;5955,56396484375;6156,37841796875;6211,877929687500;6248,39404296875000;6245,6274414062500;6604,095703125000;7540,880859375000;8238,713867187500;8034,75097656250;6735,71044921875;393,767333984375;209,809478759766;453,456512451172;718,611511230469;1075,003906250000;2077,709960937500;1493,510986328125;1334,465332031250;695,803100585938;869,973205566406;448,067382812500;305,340087890625;15,65977382659912;16,85264396667480;14,03474807739258;11,299570083618164;8,579807281494141;6,2933287620544434;5,2790417671203613;6,12255764007568359;7,4448485374450684;9,144011497497559;12,402724266052246;14,65881252288818;426,3440551757812
NA;0;92;NA;7963,89746093750;8065,88427734375;8003,99267578125;7814,416015625000;7814,32666015625000;7756,0903320312500;7723,335449218750;7916,889648437500;8096,532714843750;8110,70263671875;7964,65332031250;239,871994018555;167,810577392578;485,253112792969;705,092651367188;959,115051269531;1740,810180664062;1525,181152343750;1395,787719726562;734,323608398438;716,823913574219;464,059509277344;289,924407958984;16,19198036193848;17,25292778015137;14,34968948364258;11,552316665649414;9,074655532836914;6,7209820747375488;6,0608258247375488;6,74438905715942383;8,0149726867675781;9,827777862548828;12,753482818603516;15,08718776702881;126,6261444091797
NA;0;93;6116,08642578125;6782,76513671875;6851,14746093750;5880,03320312500;5693,249023437500;5702,37695312500000;5936,2236328125000;6458,453613281250;6214,117675781250;6294,102539062500;5883,21093750000;6383,32275390625;1195,067382812500;797,278808593750;1425,683837890625;2016,477172851562;2421,600585937500;3189,561767578125;2485,702148437500;2507,096679687500;1488,763793945312;1948,614746093750;1348,241699218750;1143,858032226562;14,39001846313477;15,70249843597412;13,66757583618164;11,601866722106934;9,488986968994141;6,8054394721984863;6,0550832748413086;6,25934743881225586;7,3697552680969238;8,954050064086914;11,728021621704102;13,54416847229004;155,2203674316406
NA;0;94;7067,50097656250;7147,69726562500;7488,93017578125;7631,29492187500;7406,453125000000;7460,60205078125000;7423,8769531250000;7444,679687500000;7750,994140625000;8003,925292968750;7884,02001953125;7425,52734375000;253,132675170898;166,207550048828;487,597381591797;719,184326171875;990,937011718750;1810,317993164062;1604,455200195312;1402,603515625000;763,906738281250;763,069702148438;477,356872558594;286,361846923828;16,64170646667480;17,60501480102539;14,80293178558350;12,044402122497559;9,724740982055664;7,5302114486694336;6,8209271430969238;7,48559999465942383;8,7108755111694336;10,482843399047852;13,220956802368164;15,53071975708008;56,0692787170410
NA;0;95;8057,98486328125;8114,22509765625;8217,89550781250;8166,38525390625;8038,763183593750;7990,28271484375000;7837,1967773437500;7601,145019531250;7790,939453125000;7956,395019531250;7963,39404296875;8028,69531250000;408,477935791016;203,093948364258;405,558410644531;824,544616699219;1238,164916992188;2594,257568359375;1802,461914062500;1553,327270507812;802,079406738281;908,612121582031;468,987426757812;290,100860595703;16,46600723266602;17,38718605041504;14,46730422973633;11,375288963317871;8,383844375610352;5,6782727241516113;4,8260488510131836;5,83780336380004883;7,5822234153747559;9,432428359985352;13,029901504516602;15,46498012542725;546,7716674804688
NA;0;96;7129,16210937500;7577,06396484375;7091,49853515625;6146,19824218750;4338,081542968750;3794,85009765625000;4092,0598144531250;4476,462890625000;4883,775878906250;5883,500976562500;7014,31298828125;7459,80371093750;1200,587646484375;635,016967773438;1137,316406250000;1474,567749023438;1615,051147460938;2070,214111328125;1747,902587890625;1831,980957031250;1446,840454101562;1391,018676757812;1136,519287109375;1141,890625000000;9,03843116760254;10,79377174377441;8,27484035491943;5,447117328643799;2,220488548278809;-1,2854827642440796;-0,7840738892555237;0,25629070401191711;1,1930378675460815;2,335697412490845;5,258717060089111;8,65657424926758;843,2739868164062
NA;0;97;1786,08178710938;1709,27294921875;1516,58801269531;1041,98840332031;210,493881225586;1,23563027381897;50,3499794006348;155,016250610352;272,167846679688;685,316589355469;1264,42004394531;1401,34313964844;2322,733886718750;1283,829101562500;2118,747558593750;2616,760742187500;2741,220947265625;3004,640869140625;2699,972656250000;3221,826416015625;2487,662109375000;2385,246093750000;2132,275146484375;2145,593261718750;2,26573085784912;4,14468288421631;2,58502101898193;0,738793969154358;-0,802887976169586;-3,4581410884857178;-3,6870789527893066;-3,06828403472900391;-2,1927754878997803;-1,169251561164856;0,798613488674164;2,22773122787476;1204,4229736328125
NA;0;98;4593,83789062500;4577,54443359375;4567,80126953125;3811,64916992188;2552,649169921875;2551,65844726562500;2761,8681640625000;3331,723144531250;3759,713378906250;3983,353271484375;4093,66088867188;4566,27197265625;765,267333984375;432,191284179688;768,202148437500;868,082885742188;969,988037109375;1118,916748046875;900,958374023438;1061,848510742188;731,364746093750;704,770690917969;656,864746093750;649,269165039062;9,38758277893066;11,21198463439941;8,59818935394287;5,606703758239746;2,827004909515381;0,1759887635707855;-0,1311757415533066;0,67643129825592041;1,7988373041152954;3,171116113662720;5,981968402862549;9,28373146057129;634,7516479492188
NA;0;99;NA;7649,77392578125;7585,38378906250;7222,15136718750;6197,087890625000;5645,91894531250000;5638,4677734375000;5843,857421875000;6119,257812500000;6705,951171875000;7323,30419921875;7551,36914062500;1848,194946289062;1118,118041992188;1923,060424804688;2736,572021484375;3132,940917968750;3561,399414062500;2973,086669921875;3097,081787109375;2204,097412109375;2477,755126953125;2032,249267578125;1955,246948242188;10,35120010375977;11,94748306274414;9,76637172698975;7,464552879333496;4,906111717224121;1,5483540296554565;1,1696258783340454;1,67069900035858154;2,8210234642028809;4,502267360687256;7,931313991546631;9,83058547973633;631,9788208007812
NA;0;100;4034,01806640625;3971,64379882812;3827,98291015625;3726,75024414062;2901,403320312500;3077,92065429687500;3245,2722167968750;3328,636962890625;3723,541748046875;4059,019531250000;4123,47705078125;4046,07885742188;829,777526855469;474,987609863281;791,907897949219;862,438354492188;875,098388671875;932,264160156250;758,616699218750;940,079956054688;686,940795898438;679,400512695312;680,923339843750;689,148437500000;9,43712806701660;11,14561367034912;8,47118568420410;5,282851219177246;2,110701560974121;-0,9362599849700928;-1,0864115953445435;0,19514364004135132;1,6626728773117065;3,360065698623657;6,416325092315674;9,41971778869629;433,0963745117188
NA;0;101;NA;5694,18066406250;5115,77929687500;3458,43627929688;1419,464599609375;809,21673583984375;822,8260498046875;1137,444091796875;1716,973632812500;3233,380371093750;4667,69238281250;5275,91210937500;872,842224121094;458,483795166016;905,918212890625;1329,183349609375;1446,349731445312;1896,864990234375;1630,499145507812;1628,600341796875;1126,567504882812;1237,211791992188;964,240051269531;889,070434570312;7,84602260589600;9,77167701721191;7,22917604446411;4,307046413421631;1,046701073646545;-2,4583699703216553;-2,1848969459533691;-1,34397482872009277;-0,2645375430583954;0,920658349990845;4,008233547210693;6,75290822982788;1336,2238769531250
NA;0;102;6424,62841796875;6393,25390625000;5925,42578125000;4902,72314453125;3623,335937500000;2199,65698242187500;2143,6379394531250;2727,899169921875;3553,111083984375;5219,616210937500;6342,47509765625;6395,17822265625;377,912994384766;263,958496093750;430,730957031250;678,075317382812;835,428466796875;1843,612426757812;1655,567626953125;1392,638671875000;668,214782714844;911,107971191406;450,637390136719;344,991180419922;11,92906093597412;12,95185279846191;10,13925552368164;6,952290058135986;3,335234642028809;-0,0148122152313590;-0,6190450191497803;0,06691894680261612;1,4593952894210815;2,995065212249756;7,540165424346924;10,72082424163818;NA
NA;0;103;8130,60156250000;8210,66406250000;8198,28320312500;8122,15527343750;8106,499511718750;8195,39257812500000;NA;8018,129882812500;NA;8033,991210937500;8013,16455078125;8084,18554687500;NA;NA;NA;NA;NA;NA;NA;NA;NA;NA;NA;NA;NA;NA;NA;NA;NA;NA;NA;NA;NA;NA;NA;NA;NA
NA;0;104;4756,26074218750;5189,22167968750;4999,08544921875;4446,90283203125;3339,559570312500;2770,13061523437500;2828,6801757812500;2956,380615234375;3100,550781250000;3576,750000000000;4287,79638671875;4656,08398437500;1314,109375000000;879,579956054688;1500,637817382812;2125,072998046875;2668,888427734375;3368,869873046875;2814,610839843750;2732,789550781250;1704,466918945312;2189,035888671875;1549,004638671875;1344,831909179688;10,73147964477539;12,21323585510254;9,92329311370850;7,390923976898193;4,667357444763184;1,0958954095840454;0,6917917728424072;1,20070803165435791;2,2563517093658447;3,834736108779907;7,639479637145996;9,93638992309570;1147,1273193359375
NA;0;105;5782,83740234375;5899,45117187500;6312,76953125000;6714,20117187500;6934,739746093750;6953,35400390625000;6865,3681640625000;6958,265136718750;7270,107421875000;7311,694824218750;6680,93701171875;6028,81445312500;181,256637573242;136,728942871094;266,714721679688;468,761230468750;767,285949707031;1557,607788085938;1019,467956542969;914,519348144531;502,819396972656;528,881347656250;277,864807128906;141,161849975586;17,49594497680664;18,19888687133789;15,36625576019287;12,234216690063477;9,190896987915039;7,0469045639038086;6,2632794380187988;7,07275819778442383;8,5847206115722656;10,389754295349121;13,863275527954102;16,45003700256348;292,0360412597656
NA;0;106;7533,34863281250;7401,25390625000;7229,74658203125;6781,96142578125;5929,056640625000;5311,25537109375000;5479,9531250000000;5856,731445312500;6286,453125000000;6953,881347656250;7406,83984375000;7487,68603515625;634,872924804688;356,281677246094;711,205688476562;1100,119140625000;1323,430053710938;1822,683471679688;1482,537597656250;1472,178344726562;905,359375000000;1054,903808593750;840,172973632812;681,975219726562;10,35289382934570;12,10403347015381;9,28240871429443;6,036248683929443;2,679447412490845;-0,9137227535247803;-0,7701934576034546;0,05510355532169342;1,2675669193267822;2,702249050140381;6,648609638214111;9,82137489318848;760,4746704101562
NA;0;107;5865,48535156250;6348,23144531250;5878,92968750000;4734,63085937500;2600,812255859375;2214,30371093750000;2620,4921875000000;3172,585205078125;3387,751953125000;4340,186035156250;5445,56396484375;5870,90039062500;1832,448730468750;1020,698669433594;1718,911865234375;2038,457397460938;2190,603027343750;2491,406494140625;2262,629150390625;2540,037597656250;1959,810668945312;1864,713378906250;1670,968994140625;1716,084106445312;6,14736318588257;8,63842678070068;6,50807619094849;3,627313137054443;0,621870934963226;-2,1190145015716553;-2,0506296157836914;-1,02996420860290527;-0,1139790862798691;0,999281823635101;3,213332176208496;5,62506532669067;970,0830078125000
NA;0;108;NA;7874,36962890625;7637,48974609375;7219,75000000000;5737,785644531250;5120,45947265625000;5164,5566406250000;5395,770507812500;5667,104003906250;6418,041015625000;7321,31201171875;7535,52392578125;2172,827880859375;1261,378784179688;2124,703613281250;2632,071289062500;2889,101562500000;3113,218750000000;2727,191650390625;2968,186523437500;2390,387939453125;2303,591308593750;1995,526733398438;2118,519042968750;9,73747634887695;11,34898757934570;9,28720474243164;7,099791526794434;4,729155540466309;1,2469980716705322;0,9791707396507263;1,58367812633514404;2,5678648948669434;4,340590476989746;7,562229633331299;9,51750564575195;683,8809204101562
NA;0;109;6528,78076171875;6588,02001953125;6970,81054687500;7043,99365234375;6697,352050781250;6699,42724609375000;6630,9375000000000;6828,672363281250;7474,596679687500;8087,791503906250;7919,71240234375;7112,47949218750;432,414123535156;270,560363769531;608,848388671875;921,408081054688;1284,949218750000;2446,978027343750;1990,994628906250;1721,645385742188;887,100646972656;1087,289428710938;575,474121093750;387,173950195312;16,08861160278320;17,24348258972168;14,40419387817383;11,647266387939453;9,173374176025391;6,7940206527709961;5,9908437728881836;6,69608974456787109;8,0606422424316406;9,770735740661621;12,716501235961914;15,06995010375977;240,8758087158203
NA;0;110;8010,98388671875;7878,96142578125;7550,60937500000;6962,78466796875;6408,067382812500;4893,71142578125000;4714,3173828125000;5313,275390625000;6091,127929687500;7374,779785156250;7817,86132812500;8024,37207031250;613,399353027344;311,237091064453;501,340057373047;941,622070312500;1367,699218750000;2781,442626953125;2028,808593750000;1887,010986328125;932,312988281250;1216,304687500000;645,952209472656;440,934295654297;14,26675319671631;14,94896316528320;12,01857376098633;8,667453765869141;5,016732692718506;1,2224466800689697;0,5959767699241638;1,58918654918670654;2,9648580551147461;5,468352317810059;10,520369529724121;13,02696132659912;1277,4406738281250
NA;0;111;8563,17773437500;8551,51757812500;8351,51562500000;8194,00976562500;7789,983886718750;7666,19189453125000;7713,6132812500000;7757,041015625000;7933,694335937500;8166,965820312500;8319,26757812500;8470,51464843750;745,138793945312;435,120056152344;892,252075195312;1238,411499023438;1634,478637695312;2981,718750000000;2541,109863281250;2207,368652343750;1154,764648437500;1547,614135742188;834,154541015625;643,388793945312;14,96867752075195;16,23198318481445;13,54554176330566;10,522861480712891;7,483422756195068;4,2261648178100586;3,3302855491638184;3,99614357948303223;5,9057507514953613;7,888131618499756;11,633299827575684;13,93464088439941;837,0802001953125
NA;0;112;6241,06787109375;6046,03369140625;5202,15722656250;4483,36181640625;3014,791748046875;2414,40332031250000;2581,1147460937500;3055,888427734375;4210,228027343750;5864,023437500000;6485,09667968750;6403,79833984375;1021,089538574219;544,863891601562;958,306396484375;1037,819580078125;1058,303344726562;1149,676147460938;915,674377441406;1131,865478515625;831,933715820312;819,188415527344;837,819946289062;850,928771972656;7,66820192337036;9,46086502075195;6,95774745941162;3,819665431976318;0,653685510158539;-2,5949819087982178;-2,5889139175415039;-1,50969541072845459;-0,1903035491704941;1,244648218154907;4,091668605804443;7,28201198577881;879,4667358398438
NA;0;113;5135,18115234375;5089,52441406250;4731,35351562500;3900,90332031250;2811,335693359375;1790,80163574218750;1676,8842773437500;2154,866210937500;2834,383300781250;4188,688476562500;5231,39257812500;5226,99658203125;425,198455810547;240,551208496094;426,198394775391;637,618957519531;802,627502441406;1221,721801757812;1109,310424804688;992,050781250000;526,710998535156;643,403930664062;470,326568603516;369,858062744141;11,21121120452881;12,67094802856445;9,44838333129883;5,774937152862549;2,083332300186157;-1,8220632076263428;-1,9666758775711060;-0,76720786094665527;0,7380055785179138;2,595803737640381;7,052489280700684;10,45605850219727;NA
NA;0;114;8383,05371093750;8431,16894531250;8312,37695312500;7957,41992187500;7763,299316406250;7715,43310546875000;7769,5878906250000;7859,124511718750;7996,759277343750;7992,539062500000;8300,16894531250;8408,70312500000;1356,664062500000;739,594604492188;1388,578613281250;1903,417968750000;2128,012451171875;2735,049316406250;2368,592041015625;2425,524902343750;1718,006469726562;1819,532226562500;1446,639038085938;1371,590454101562;10,75837135314941;12,46846961975098;10,03486537933350;7,233224391937256;4,095391750335693;0,2877085506916046;0,5135487914085388;1,25399172306060791;2,3016042709350586;3,758762598037720;7,909158229827881;10,48702907562256;382,3066711425781
NA;0;115;2304,07543945312;2353,00854492188;2434,30981445312;2579,37890625000;2850,145507812500;2715,06494140625000;2348,0439453125000;2161,269775390625;2302,108642578125;2398,206542968750;2417,69116210938;2353,31054687500;187,953155517578;157,682128906250;251,853866577148;323,572113037109;351,880645751953;393,290740966797;305,570770263672;332,326171875000;218,376770019531;195,708541870117;165,156539916992;141,199645996094;13,32820510864258;14,95857620239258;12,05116176605225;8,735361099243164;5,691603660583496;2,2902617454528809;1,3832691907882690;2,59458827972412109;4,1398816108703613;6,631779193878174;10,576720237731934;13,30668067932129;NA
NA;0;116;5875,40820312500;5866,34228515625;6187,29492187500;5795,42675781250;5529,948242187500;5515,19970703125000;6128,8300781250000;6366,971191406250;6315,128417968750;6007,062500000000;5946,26513671875;NA;573,990844726562;389,919525146484;783,148132324219;1160,234741210938;1417,088867187500;1948,005615234375;1544,985473632812;1583,068603515625;940,926025390625;1089,558593750000;737,234313964844;631,871643066406;15,02011013031006;16,16312980651855;14,11847877502441;12,127226829528809;10,170114517211914;7,8189282417297363;7,1879873275756836;7,40317678451538086;8,2895603179931641;9,817000389099121;12,346449851989746;14,12089920043945;78,8592071533203
NA;0;117;5569,01367187500;5936,35449218750;5466,66845703125;4562,70654296875;2972,608398437500;2457,06201171875000;2823,6115722656250;3271,901123046875;3555,726074218750;4543,485351562500;5408,04003906250;5727,15722656250;1448,903930664062;768,791015625000;1345,553588867188;1575,073364257812;1722,570556640625;2071,367431640625;1844,186157226562;2092,040283203125;1587,468139648438;1542,452636718750;1325,659667968750;1342,743041992188;6,21553945541382;8,67503738403320;6,26822805404663;3,331658840179443;0,194665521383286;-2,4708821773529053;-2,4402832984924316;-1,25750839710235596;-0,2248291075229645;0,905689477920532;3,029178857803345;5,55259084701538;949,5094604492188
NA;0;118;1755,40600585938;1798,28234863281;1879,94628906250;2049,45849609375;2205,144287109375;1989,08398437500000;1797,3572998046875;1831,632324218750;1997,694335937500;2028,599853515625;1932,34814453125;1830,80615234375;311,733184814453;213,511764526367;381,077941894531;446,219970703125;497,335205078125;469,005889892578;390,964569091797;450,849395751953;352,299987792969;321,752441406250;292,097442626953;253,976593017578;11,95893287658691;13,71152687072754;10,58138942718506;7,074919700622559;3,859272241592407;0,2808929383754730;-0,4679372012615204;0,83504641056060791;2,8880045413970947;5,445784568786621;9,305423736572266;12,12230300903320;NA
NA;0;119;7850,62158203125;7869,43652343750;7748,66894531250;7416,47705078125;6495,595214843750;6059,01367187500000;6208,7949218750000;6432,739746093750;6602,394042968750;7063,326171875000;7487,79541015625;7755,18798828125;1366,201049804688;900,578857421875;1523,455444335938;2230,993652343750;2755,590576171875;3453,356689453125;2863,314697265625;2784,416992187500;1790,323242187500;2230,901855468750;1631,607543945312;1440,133666992188;11,24726772308350;12,77438259124756;10,30890274047852;7,425566673278809;4,484257221221924;0,9589782953262329;0,7597595453262329;1,38778579235076904;2,5596098899841309;4,140405178070068;7,973428249359131;10,40039443969727;681,6641235351562
NA;0;120;6571,98632812500;6735,06982421875;7119,00439453125;7428,51074218750;7561,779296875000;7550,90673828125000;7318,8759765625000;7267,466796875000;7435,221191406250;7445,980957031250;7084,70361328125;6680,13574218750;201,945022583008;118,439979553223;256,826171875000;497,404144287109;814,676940917969;1676,484619140625;1089,897705078125;964,534667968750;514,206970214844;541,631958007812;299,861785888672;141,210189819336;17,99267387390137;18,67589187622070;15,79857254028320;12,565886497497559;9,437666893005371;7,2131085395812988;6,4426465034484863;7,30893850326538086;8,9105567932128906;10,785251617431641;14,339969635009766;16,95940971374512;264,3812561035156
NA;0;121;7956,59033203125;8473,56835937500;8375,38867187500;8187,59423828125;7783,208007812500;7814,75878906250000;7906,7041015625000;7967,722167968750;7774,828125000000;8063,750000000000;8273,51855468750;8107,27294921875;NA;NA;NA;NA;NA;NA;NA;NA;NA;NA;NA;NA;NA;NA;NA;NA;NA;NA;NA;NA;NA;NA;NA;NA;315,0824279785156
NA;0;122;5256,55029296875;5139,09228515625;4909,53173828125;4559,24316406250;4317,672363281250;3713,96118164062500;3894,2937011718750;4087,195556640625;4652,234863281250;5436,955566406250;5636,88085937500;5501,47705078125;350,140747070312;194,661071777344;390,362182617188;582,761474609375;682,983642578125;981,478698730469;755,632629394531;711,751281738281;429,564300537109;471,825805664062;444,754425048828;346,190582275391;10,47579860687256;12,25570583343506;8,99955177307129;5,440723896026611;1,918237328529358;-1,9883229732513428;-2,0586557388305664;-0,65433347225189209;0,9955790042877197;3,086089134216309;7,260171413421631;10,12805557250977;NA
NA;0;123;7486,56689453125;7359,14355468750;6977,41650390625;6365,90136718750;5296,744140625000;4670,63818359375000;4823,9716796875000;5432,451660156250;6020,224609375000;6844,152832031250;7417,61083984375;7433,92187500000;554,631469726562;329,216156005859;609,357482910156;847,887023925781;1064,917968750000;1698,895874023438;1497,024536132812;1398,675781250000;781,320861816406;953,175964355469;611,651367187500;504,615417480469;11,31198501586914;12,78188991546631;9,90745925903320;6,527836322784424;3,019794702529907;-0,5214498043060303;-0,5646321773529053;0,22369283437728882;1,5976501703262329;2,920780420303345;6,895176410675049;10,43681716918945;NA
NA;0;124;7365,06738281250;7122,52978515625;6257,13525390625;5282,48681640625;4564,392089843750;3384,04760742187500;3441,3747558593750;4604,312011718750;5638,389648437500;7134,638183593750;7486,79003906250;7485,32421875000;548,515869140625;283,520629882812;540,056945800781;759,857849121094;764,657348632812;1012,463500976562;764,833496093750;730,206848144531;564,343139648438;533,142883300781;494,783782958984;433,671875000000;8,84297561645508;10,60645961761475;7,89781618118286;5,043664455413818;1,994047999382019;-1,5425170660018921;-1,7821004390716553;-0,33844605088233948;0,8862192630767822;2,569869041442871;6,275781154632568;8,88232326507568;909,6384277343750
NA;0;125;5936,31787109375;5867,59423828125;5288,50830078125;3711,10009765625;1586,573730468750;677,56109619140625;625,9851684570312;1091,862304687500;1906,047851562500;3605,369873046875;5428,69628906250;5940,41064453125;511,254547119141;265,907196044922;560,266662597656;813,811767578125;963,268432617188;1349,676879882812;1062,274658203125;1045,701416015625;657,367370605469;683,031066894531;593,501647949219;491,088012695312;8,64832973480225;10,48048782348633;7,52465724945068;4,200565814971924;0,745879113674164;-3,0481984615325928;-2,8563954830169678;-1,70050656795501709;-0,3335276246070862;1,141498804092407;4,579085350036621;7,87848329544067;NA
NA;0;126;NA;8425,61718750000;8513,06152343750;8467,51074218750;8448,237304687500;8382,10644531250000;8292,2880859375000;8153,641113281250;8134,174316406250;8124,048339843750;8139,37158203125;8196,42382812500;289,062774658203;206,409866333008;533,421813964844;808,791381835938;1144,946777343750;1842,360717773438;1622,364990234375;1568,219970703125;855,685852050781;792,634765625000;527,898010253906;328,539611816406;15,11347866058350;16,37043190002441;13,46355056762695;10,709802627563477;8,448038101196289;6,1581716537475586;5,6277556419372559;6,14317226409912109;7,2660970687866211;8,920683860778809;11,834227561950684;14,01709365844727;372,2238159179688
NA;0;127;8028,16650390625;7996,15429687500;7917,05126953125;7851,35986328125;7522,310546875000;7457,60302734375000;7384,8339843750000;7407,593261718750;7592,429687500000;7780,168457031250;7849,73779296875;7881,42187500000;784,220886230469;455,732177734375;917,673461914062;1285,121093750000;1702,110961914062;3083,572021484375;2591,595458984375;2223,238525390625;1190,881225585938;1592,132690429688;856,494506835938;648,686523437500;15,12969875335693;16,37296485900879;13,69065761566162;10,700072288513184;7,685342311859131;4,4869070053100586;3,5343210697174072;4,23606252670288086;6,1164031028747559;8,040134429931641;11,729933738708496;14,07180690765381;725,3752441406250
NA;0;128;NA;7112,93945312500;6733,59814453125;5859,14697265625;4466,909179687500;4188,10351562500000;4334,6572265625000;4564,339843750000;4683,567871093750;5296,437011718750;6090,38085937500;6378,20898437500;1995,849853515625;1142,391845703125;1910,097412109375;2264,534423828125;2420,243164062500;2696,641357421875;2384,473876953125;2614,908935546875;2105,324218750000;2046,025634765625;1809,807128906250;1900,584838867188;8,26249122619629;10,10685634613037;7,93911123275757;5,346928119659424;2,475742578506470;-1,2212535142898560;-1,0531066656112671;-0,10065307468175888;0,9596242308616638;2,287444114685059;5,122964382171631;7,83907985687256;745,6230468750000
NA;0;129;NA;NA;NA;NA;4685,522460937500;4898,43945312500000;NA;NA;NA;NA;6193,71826171875;NA;1059,042114257812;586,055175781250;1039,411743164062;1278,880737304688;1390,673950195312;1550,483398437500;1267,185791015625;1525,771118164062;1116,009033203125;1032,663818359375;979,929077148438;960,867553710938;10,48573207855225;12,16862392425537;9,91250514984131;7,097405910491943;4,414636135101318;1,8885895013809204;1,6284931898117065;2,39821767807006836;3,3492727279663086;4,776473045349121;7,627226829528809;10,29495143890381;292,1334533691406
NA;0;130;8125,02441406250;8164,71093750000;7897,34863281250;7507,73779296875;6889,445800781250;6800,49462890625000;6824,1484375000000;7067,811035156250;7301,764160156250;7741,627929687500;7997,53173828125;8073,74902343750;1479,737060546875;821,330871582031;1394,417602539062;1706,222045898438;1895,316650390625;2185,656982421875;1883,116821289062;2040,237304687500;1631,124023437500;1586,969970703125;1417,686157226562;1378,900756835938;10,90360450744629;12,39693641662598;10,16861915588379;7,482039451599121;4,511590480804443;0,8646637201309204;0,8661844730377197;1,86820375919342041;3,0460448265075684;4,721917629241943;8,554121971130371;10,87852382659912;244,0188140869141
NA;0;131;NA;8126,23730468750;7751,77685546875;7419,79589843750;6759,618652343750;6199,25830078125000;6152,6992187500000;6255,030273437500;6657,248535156250;7486,275390625000;8039,75341796875;8196,47460937500;892,775878906250;575,214355468750;1026,315429687500;1439,298217773438;1930,850708007812;2982,576416015625;2573,980712890625;2409,387939453125;1363,082641601562;1650,541625976562;1032,693237304688;850,909179687500;11,70428371429443;13,12730312347412;10,52357864379883;7,485543727874756;4,253488063812256;0,7526387572288513;0,3188262879848480;0,87834572792053223;2,1706786155700684;3,567229270935059;7,368269920349121;10,51527786254883;984,2894897460938
NA;0;132;7480,38574218750;7192,59228515625;6334,03759765625;5197,69384765625;4412,949707031250;3517,27929687500000;3515,9958496093750;4225,879882812500;5468,437988281250;7115,068847656250;7542,84277343750;7513,06689453125;640,737426757812;330,441650390625;632,601013183594;840,088867187500;837,752197265625;1074,263549804688;830,177490234375;817,978149414062;642,672241210938;627,383605957031;610,313903808594;534,530761718750;8,53505897521973;10,25779628753662;7,61639833450317;4,734628200531006;1,570097804069519;-2,2734029293060303;-2,2731842994689941;-0,78765970468521118;0,5247131586074829;2,182137966156006;6,009032249450684;8,61959266662598;955,5895385742188
NA;0;133;NA;NA;NA;NA;NA;NA;NA;NA;NA;NA;NA;NA;1296,231445312500;832,427551269531;1455,550292968750;2166,066162109375;2627,783935546875;3135,774414062500;2524,852539062500;2550,649169921875;1648,730834960938;2030,169677734375;1547,639404296875;1361,295532226562;12,74747657775879;13,81479835510254;11,94679641723633;9,972772598266602;7,926894187927246;5,4649701118469238;5,1717619895935059;5,55056667327880859;6,6276288032531738;8,002832412719727;10,502272605895996;12,13624477386475;NA
NA;0;134;NA;6205,02392578125;5791,34960937500;4768,87597656250;3074,731689453125;1759,36474609375000;1647,0008544921875;2146,983154296875;3029,446533203125;4649,411132812500;6134,16650390625;6417,68798828125;526,591613769531;307,597778320312;571,126098632812;905,220336914062;1153,505126953125;1725,903686523438;1459,764282226562;1338,317382812500;785,517822265625;916,269531250000;652,096313476562;505,955993652344;10,56115627288818;12,14279079437256;9,11686611175537;5,519637107849121;1,891692042350769;-1,7013152837753296;-1,6855987310409546;-0,66447043418884277;0,6326385736465454;2,150908470153809;6,172967433929443;9,56478309631348;NA
NA;0;135;8033,56347656250;8182,66796875000;8191,32031250000;8153,66699218750;8142,701660156250;8241,51464843750000;8126,0522460937500;7976,378417968750;8010,061035156250;7908,592773437500;7906,30468750000;7993,80615234375;NA;NA;NA;NA;NA;NA;NA;NA;NA;NA;NA;NA;NA;NA;NA;NA;NA;NA;NA;NA;NA;NA;NA;NA;114,9082260131836
NA;0;136;NA;7919,48339843750;7607,27636718750;7347,10791015625;6992,463867187500;6686,92871093750000;6823,9584960937500;6917,944824218750;7077,259277343750;7507,197265625000;7713,63818359375;7814,63964843750;566,315673828125;353,751647949219;667,094055175781;916,480834960938;1210,965820312500;2200,541503906250;1965,086914062500;1765,351806640625;926,507568359375;1168,567382812500;660,547668457031;536,315856933594;11,92504310607910;13,25757217407227;10,52284145355225;7,409814357757568;4,166085720062256;1,0486744642257690;0,5348551273345947;0,97132265567779541;2,2073252201080322;3,577961206436157;7,644154071807861;10,81399440765381;NA
NA;0;137;7614,40332031250;7677,78271484375;7708,12402343750;7567,27441406250;7242,374023437500;7394,58593750000000;7374,8945312500000;7434,266113281250;7483,262695312500;7462,010742187500;7506,22558593750;7508,84521484375;701,225646972656;371,142730712891;782,069763183594;1099,736816406250;1533,382934570312;2838,604980468750;2244,412841796875;1919,889648437500;1005,270080566406;1416,409545898438;712,253356933594;545,807556152344;14,94585609436035;16,08537673950195;13,41449928283691;10,509566307067871;7,390791893005371;4,4068799018859863;3,4014170169830322;4,25490236282348633;5,9007811546325684;7,858448505401611;11,475829124450684;13,87194728851318;720,9713745117188
NA;0;138;NA;NA;NA;NA;NA;NA;NA;NA;NA;NA;NA;NA;NA;NA;NA;NA;NA;NA;NA;NA;NA;NA;NA;NA;NA;NA;NA;NA;NA;NA;NA;NA;NA;NA;NA;NA;NA
NA;0;139;6996,34667968750;7940,45019531250;7593,25341796875;6865,65380859375;5263,531738281250;5049,07861328125000;5285,3168945312500;5370,146972656250;5054,505859375000;5950,780273437500;6871,05957031250;7299,01367187500;2552,152587890625;1540,496948242188;2438,895751953125;2763,529541015625;2932,962158203125;3037,449462890625;2796,148925781250;3097,211669921875;2585,796630859375;2486,797607421875;2216,662109375000;2506,244140625000;8,32030105590820;10,00060462951660;7,96320486068726;5,358911037445068;2,302082300186157;-1,3601897954940796;-0,8761149048805237;0,24828490614891052;1,2281534671783447;2,551868677139282;5,186115741729736;7,84718751907349;644,7056884765625
NA;0;140;NA;7440,66455078125;6864,04833984375;6018,91992187500;5160,756835937500;4371,43310546875000;4294,2221679687500;5024,276855468750;5716,235839843750;6960,034179687500;7542,90087890625;7591,65771484375;481,691680908203;301,716094970703;568,852905273438;785,812866210938;1019,184570312500;1709,236694335938;1536,969360351562;1416,119262695312;763,101684570312;905,706359863281;542,120605468750;451,357818603516;10,98489284515381;12,38666725158691;9,57517910003662;6,322691917419434;2,889332056045532;-0,3510853946208954;-0,7279164791107178;-0,08360900729894638;1,2371460199356079;2,524667263031006;6,195286273956299;9,84204483032227;NA
NA;0;141;NA;7504,20019531250;7125,08496093750;6282,22509765625;5104,494140625000;4547,06542968750000;4665,4243164062500;5114,953613281250;5583,498046875000;6632,672363281250;7438,66259765625;7609,53759765625;630,282470703125;381,068572998047;700,504089355469;992,327636718750;1229,610107421875;1906,003051757812;1651,684204101562;1567,188842773438;895,267700195312;1111,790771484375;729,385375976562;590,499816894531;10,80471229553223;12,23292446136475;9,44426345825195;6,245675563812256;2,770750999450684;-0,8937235474586487;-0,9081431031227112;-0,12516885995864868;1,1504303216934204;2,543430566787720;6,725127220153809;9,95182704925537;NA
NA;0;142;6961,87255859375;6951,75195312500;7202,57910156250;7127,79687500000;6881,347167968750;6765,80029296875000;6677,9404296875000;6841,976562500000;7466,592285156250;8081,039062500000;8068,94921875000;7523,95117187500;544,322814941406;277,864379882812;640,271423339844;918,808654785156;1378,094970703125;2500,241943359375;1906,159545898438;1645,382080078125;885,537658691406;1209,097900390625;599,307128906250;444,208526611328;15,91299343109131;17,08942031860352;14,34683609008789;11,515578269958496;8,685133934020996;6,3155050277709961;5,2654767036437988;6,15660524368286133;7,6449880599975586;9,466800689697266;12,620365142822266;14,93105983734131;371,2236633300781
NA;0;143;6947,76611328125;7090,42041015625;7566,04443359375;7688,38574218750;7539,490722656250;7397,83251953125000;7358,7836914062500;7492,898437500000;7835,823730468750;8089,678710937500;7993,68896484375;7593,76367187500;297,546142578125;202,021041870117;469,192962646484;755,715881347656;942,771667480469;1406,114501953125;1170,676269531250;1205,550415039062;712,543518066406;690,966674804688;454,492095947266;385,674621582031;14,91373634338379;16,10806655883789;13,61254787445068;11,262129783630371;9,130395889282227;6,8167562484741211;6,3559103012084961;6,78317165374755859;7,7696981430053711;9,376367568969727;12,000726699829102;13,87002944946289;122,0729904174805
NA;0;144;NA;8203,85742187500;8044,54882812500;7793,39111328125;7302,312011718750;7084,96923828125000;7106,2319335937500;7214,487792968750;7442,840332031250;7840,153808593750;8082,89941406250;8241,17382812500;1138,907714843750;743,222534179688;1238,457641601562;1678,878784179688;2112,095214843750;2817,219482421875;2394,103515625000;2366,775146484375;1410,245849609375;1841,622558593750;1268,731323242188;1061,171264648438;12,34237098693848;13,84193801879883;11,53065395355225;8,848642349243164;6,095198631286621;2,3148233890533447;1,8779388666152954;2,31969094276428223;3,6213064193725586;5,681151390075684;9,623050689697266;11,55562782287598;591,5282592773438
NA;0;145;4139,66894531250;4119,43261718750;3516,14770507812;2612,96606445312;1000,313049316406;522,56738281250000;757,2385253906250;1376,221435546875;1877,671142578125;2757,641113281250;3653,78735351562;3887,92968750000;1499,356567382812;851,283752441406;1438,859130859375;1740,957153320312;1810,617431640625;1970,005615234375;1695,773437500000;2119,329589843750;1590,631103515625;1486,828979492188;1400,924194335938;1363,478759765625;5,25873231887817;7,65190553665161;5,72836732864380;3,294503688812256;1,057570338249207;-1,6957458257675171;-1,9077514410018921;-1,01533102989196777;-0,0607920326292515;1,146300196647644;3,173496484756470;4,92730617523193;1062,4477539062500
NA;0;146;NA;6972,87109375000;6793,60351562500;6550,34375000000;5731,561035156250;5049,64941406250000;4920,0874023437500;5035,208007812500;5410,652832031250;6082,179687500000;6644,78955078125;6871,94238281250;950,254760742188;604,558166503906;1102,874633789062;1515,608886718750;2007,648925781250;3101,785644531250;2586,283691406250;2444,080322265625;1377,936767578125;1700,505981445312;1082,515747070312;894,006958007812;11,93352127075195;13,35992336273193;10,80758094787598;7,970941066741943;4,935469627380371;1,4513132572174072;0,8506408929824829;1,34438979625701904;2,6391081809997559;4,262608051300049;8,153451919555664;10,92067909240723;1052,3009033203125
NA;0;147;NA;NA;NA;NA;NA;NA;NA;NA;NA;NA;NA;NA;NA;NA;NA;NA;NA;NA;NA;NA;NA;NA;NA;NA;NA;NA;NA;NA;NA;NA;NA;NA;NA;NA;NA;NA;NA
NA;0;148;7542,68261718750;7487,16406250000;7422,32958984375;7212,16210937500;6708,181152343750;5933,76464843750000;5675,7597656250000;5857,961914062500;6216,718750000000;6794,708007812500;7160,34375000000;7402,51464843750;635,465332031250;343,468811035156;639,320190429688;982,021728515625;1431,655517578125;2700,963867187500;2096,516357421875;1817,040771484375;943,494445800781;1258,424316406250;684,869995117188;498,454895019531;13,20407009124756;14,25407791137695;11,51915359497070;8,512201309204102;5,191415309906006;1,8700398206710815;0,8768351078033447;1,85062563419342041;3,1130819320678711;5,185780048370361;9,489180564880371;12,01279640197754;1202,7628173828125
NA;0;149;3732,60888671875;3655,92138671875;3543,48583984375;3480,33105468750;3077,186523437500;2452,91943359375000;2446,2863769531250;2932,173339843750;3419,680908203125;4003,117919921875;4186,65185546875;4038,45800781250;331,053771972656;190,698989868164;385,374511718750;514,856933593750;462,559020996094;599,134643554688;465,355041503906;414,842834472656;347,926208496094;337,953948974609;312,955841064453;241,523178100586;10,23237514495850;12,00793838500977;9,01134109497070;5,891519069671631;2,883828639984131;-0,4938161075115204;-1,1106069087982178;0,62908834218978882;2,3889150619506836;4,739216327667236;8,333769798278809;10,41908645629883;NA
